"Location","SampleYear","Transect","prev","freq","total"
"Black Point","2010","1",0.142857142857143,4,28
"Black Point","2010","2",0.0344827586206897,1,29
"Black Point","2010","3",0,0,40
"Black Point","2010","4",0.192307692307692,5,26
"Black Point","2010","5",0.192307692307692,5,26
"Black Point","2010","6",0.135135135135135,5,37
"Black Point","2011","1",0.125,2,16
"Black Point","2011","2",0.0769230769230769,2,26
"Black Point","2011","3",0.0294117647058823,1,34
"Black Point","2011","4",0,0,22
"Black Point","2011","5",0.0416666666666667,1,24
"Black Point","2011","6",0.04,1,25
"Black Point","2012","1",0.0769230769230769,2,26
"Black Point","2012","2",0.0540540540540541,2,37
"Black Point","2012","3",0.133333333333333,4,30
"Black Point","2012","4",0.0434782608695652,1,23
"Black Point","2012","5",0,0,22
"Black Point","2012","6",0,0,27
"Black Point","2013","1",0,0,19
"Black Point","2013","2",0,0,26
"Black Point","2013","3",0,0,36
"Black Point","2013","4",0,0,20
"Black Point","2013","5",0.0625,2,32
"Black Point","2013","6",0,0,27
"Black Point","2014","1",0,0,23
"Black Point","2014","2",0,0,39
"Black Point","2014","3",0.024390243902439,1,41
"Black Point","2014","4",0.166666666666667,4,24
"Black Point","2014","5",0.0833333333333333,2,24
"Black Point","2014","6",0.0555555555555555,2,36
"Black Point","2015","1",0,0,19
"Black Point","2015","2",0,0,25
"Black Point","2015","3",0.0714285714285715,2,28
"Black Point","2015","4",0,0,26
"Black Point","2015","5",0,0,28
"Black Point","2015","6",0,0,31
"Black Point","2016","1",0.16,4,25
"Black Point","2016","2",0.0588235294117647,2,34
"Black Point","2016","3",0.03125,1,32
"Black Point","2016","4",0.0714285714285714,2,28
"Black Point","2016","5",0.0740740740740741,2,27
"Black Point","2016","6",0.032258064516129,1,31
"Black Point","2017","1",0,0,15
"Black Point","2017","2",0,0,34
"Black Point","2017","3",0,0,33
"Black Point","2017","4",0,0,28
"Black Point","2017","5",0,0,29
"Black Point","2017","6",0,0,26
"Black Point","2018","1",0.102362204724409,13,127
"Black Point","2018","2",0.0275229357798165,6,218
"Black Point","2018","3",0.0184049079754602,6,326
"Black Point","2018","4",0,0,24
"Black Point","2019","1",0.125,2,16
"Black Point","2019","2",0,0,26
"Black Point","2019","3",0.0512820512820513,2,39
"Black Point","2019","4",0.0454545454545455,1,22
"Black Point","2019","5",0.0357142857142857,1,28
"Black Point","2019","6",0.05,1,20
"Black Point","2020","1",0.0727272727272727,8,110
"Black Point","2020","2",0.0483870967741936,9,186
"Black Point","2020","3",0.0135135135135135,4,296
"Black Point","2020","4",0,0,29
"Black Point","2020","5",0,0,47
"Black Point","2020","6",0,0,33
"Black Point","2021","1",0.0476190476190476,7,147
"Black Point","2021","2",0.0157894736842105,3,190
"Black Point","2021","3",0.0248756218905472,10,402
"Black Point","2021","4",0,0,19
"Black Point","2021","5",0.037037037037037,1,27
"Black Point","2021","6",0,0,25
"Black Point","2022","1",0.0486111111111111,7,144
"Black Point","2022","2",0.0396039603960396,8,202
"Black Point","2022","3",0.0160256410256411,5,312
"Black Point","2022","4",0,0,24
"Black Point","2022","5",0,0,20
"Black Point","2022","6",0,0,30
"Botany Bay","2010","1",0.0357142857142857,1,28
"Botany Bay","2010","2",0.0833333333333333,1,12
"Botany Bay","2010","3",0.0588235294117647,1,17
"Botany Bay","2010","4",0.260869565217391,6,23
"Botany Bay","2010","5",0.0769230769230769,1,13
"Botany Bay","2010","6",0.117647058823529,2,17
"Botany Bay","2011","1",0,0,36
"Botany Bay","2011","2",0.0769230769230769,1,13
"Botany Bay","2011","3",0.0454545454545455,1,22
"Botany Bay","2011","4",0.04,1,25
"Botany Bay","2011","5",0.0666666666666667,1,15
"Botany Bay","2011","6",0.31578947368421,6,19
"Botany Bay","2012","1",0.0384615384615385,1,26
"Botany Bay","2012","2",0,0,17
"Botany Bay","2012","3",0.0526315789473684,1,19
"Botany Bay","2012","4",0.208333333333333,5,24
"Botany Bay","2012","5",0,0,19
"Botany Bay","2012","6",0,0,12
"Botany Bay","2013","1",0,0,18
"Botany Bay","2013","2",0,0,16
"Botany Bay","2013","3",0,0,15
"Botany Bay","2013","4",0.0588235294117647,1,17
"Botany Bay","2013","5",0.0769230769230769,1,13
"Botany Bay","2013","6",0.166666666666667,3,18
"Botany Bay","2014","1",0.130434782608696,3,23
"Botany Bay","2014","2",0.166666666666667,2,12
"Botany Bay","2014","3",0.0588235294117647,1,17
"Botany Bay","2014","4",0,0,14
"Botany Bay","2014","5",0,0,11
"Botany Bay","2014","6",0,0,13
"Botany Bay","2015","1",0,0,26
"Botany Bay","2015","2",0.125,1,8
"Botany Bay","2015","3",0,0,10
"Botany Bay","2015","4",0,0,15
"Botany Bay","2015","5",0,0,7
"Botany Bay","2015","6",0.2,3,15
"Botany Bay","2016","1",0,0,23
"Botany Bay","2016","2",0,0,14
"Botany Bay","2016","3",0,0,11
"Botany Bay","2016","4",0,0,17
"Botany Bay","2016","5",0.076923076923077,1,13
"Botany Bay","2016","6",0.235294117647059,4,17
"Botany Bay","2017","1",0,0,85
"Botany Bay","2017","2",0.0454545454545455,4,88
"Botany Bay","2017","3",0.0208333333333333,1,48
"Botany Bay","2017","4",0.0526315789473684,1,19
"Botany Bay","2017","5",0,0,4
"Botany Bay","2017","6",0.0666666666666667,1,15
"Botany Bay","2018","1",0,0,61
"Botany Bay","2018","2",0.0408163265306122,2,49
"Botany Bay","2018","3",0.0408163265306122,2,49
"Botany Bay","2018","4",0,0,10
"Botany Bay","2018","5",0.125,1,8
"Botany Bay","2018","6",0,0,9
"Botany Bay","2019","1",0,0,10
"Botany Bay","2019","2",0,0,4
"Botany Bay","2019","3",0,0,3
"Botany Bay","2019","4",0,0,9
"Botany Bay","2019","5",0,0,3
"Botany Bay","2019","6",0,0,5
"Botany Bay","2020","1",0,0,43
"Botany Bay","2020","2",0,0,38
"Botany Bay","2020","3",0.0789473684210526,3,38
"Botany Bay","2020","4",0,0,9
"Botany Bay","2020","5",0,0,3
"Botany Bay","2020","6",0.0833333333333333,1,12
"Botany Bay","2021","1",0.151515151515152,5,33
"Botany Bay","2021","2",0,0,34
"Botany Bay","2021","3",0.0294117647058823,1,34
"Botany Bay","2021","4",0,0,11
"Botany Bay","2021","5",0,0,5
"Botany Bay","2021","6",0.1,1,10
"Botany Bay","2022","1",0.0238095238095238,1,42
"Botany Bay","2022","2",0.0465116279069767,2,43
"Botany Bay","2022","3",0,0,37
"Botany Bay","2022","4",0,0,11
"Botany Bay","2022","5",0,0,7
"Botany Bay","2022","6",0,0,8
"Brewers Bay","2010","1",0.0333333333333333,1,30
"Brewers Bay","2010","2",0,0,19
"Brewers Bay","2010","3",0,0,20
"Brewers Bay","2010","4",0.2,3,15
"Brewers Bay","2010","5",0.176470588235294,3,17
"Brewers Bay","2010","6",0.2,3,15
"Brewers Bay","2011","1",0,0,28
"Brewers Bay","2011","2",0,0,21
"Brewers Bay","2011","3",0.0277777777777778,1,36
"Brewers Bay","2011","4",0.307692307692308,4,13
"Brewers Bay","2011","5",0.153846153846154,2,13
"Brewers Bay","2011","6",0.333333333333333,5,15
"Brewers Bay","2012","1",0.0909090909090909,2,22
"Brewers Bay","2012","2",0,0,18
"Brewers Bay","2012","3",0.0526315789473684,1,19
"Brewers Bay","2012","4",0.0357142857142857,1,28
"Brewers Bay","2012","5",0.125,2,16
"Brewers Bay","2012","6",0.166666666666667,3,18
"Brewers Bay","2013","1",0,0,34
"Brewers Bay","2013","2",0.05,1,20
"Brewers Bay","2013","3",0,0,21
"Brewers Bay","2013","4",0,0,20
"Brewers Bay","2013","5",0.263157894736842,5,19
"Brewers Bay","2013","6",0.1875,3,16
"Brewers Bay","2014","1",0,0,32
"Brewers Bay","2014","2",0,0,22
"Brewers Bay","2014","3",0,0,22
"Brewers Bay","2014","4",0.0303030303030303,1,33
"Brewers Bay","2014","5",0,0,22
"Brewers Bay","2014","6",0.111111111111111,2,18
"Brewers Bay","2015","1",0,0,39
"Brewers Bay","2015","2",0,0,22
"Brewers Bay","2015","3",0,0,23
"Brewers Bay","2015","4",0,0,22
"Brewers Bay","2015","5",0.210526315789474,4,19
"Brewers Bay","2015","6",0.31578947368421,6,19
"Brewers Bay","2016","1",0,0,25
"Brewers Bay","2016","2",0,0,28
"Brewers Bay","2016","3",0.0833333333333333,2,24
"Brewers Bay","2016","4",0,0,37
"Brewers Bay","2016","5",0.142857142857143,5,35
"Brewers Bay","2016","6",0.115384615384615,3,26
"Brewers Bay","2017","1",0,0,28
"Brewers Bay","2017","2",0.166666666666667,2,12
"Brewers Bay","2017","3",0.05,1,20
"Brewers Bay","2017","4",0,0,16
"Brewers Bay","2017","5",0.125,3,24
"Brewers Bay","2017","6",0.466666666666667,7,15
"Brewers Bay","2018","1",0.0571428571428571,2,35
"Brewers Bay","2018","2",0,0,11
"Brewers Bay","2018","3",0,0,18
"Brewers Bay","2018","4",0,0,14
"Brewers Bay","2018","5",0.193548387096774,6,31
"Brewers Bay","2018","6",0.416666666666667,5,12
"Brewers Bay","2019","1",0,0,18
"Brewers Bay","2019","2",0,0,11
"Brewers Bay","2019","3",0,0,16
"Brewers Bay","2019","4",0,0,14
"Brewers Bay","2019","5",0.130434782608696,3,23
"Brewers Bay","2019","6",0,0,8
"Brewers Bay","2020","1",0,0,31
"Brewers Bay","2020","2",0,0,19
"Brewers Bay","2020","3",0.0833333333333333,1,12
"Brewers Bay","2020","4",0.105263157894737,2,19
"Brewers Bay","2020","5",0.0555555555555555,1,18
"Brewers Bay","2020","6",0.272727272727273,3,11
"Brewers Bay","2021","1",0,0,23
"Brewers Bay","2021","2",0.176470588235294,3,17
"Brewers Bay","2021","3",0.0714285714285714,1,14
"Brewers Bay","2021","4",0.136363636363636,3,22
"Brewers Bay","2021","5",0,0,20
"Brewers Bay","2021","6",0.181818181818182,2,11
"Brewers Bay","2022","1",0,0,32
"Brewers Bay","2022","2",0,0,28
"Brewers Bay","2022","3",0.0666666666666667,1,15
"Brewers Bay","2022","4",0.125,2,16
"Brewers Bay","2022","5",0.0606060606060606,2,33
"Brewers Bay","2022","6",0.153846153846154,2,13
"Buck Island STT","2010","1",0,0,17
"Buck Island STT","2010","2",0,0,8
"Buck Island STT","2010","3",0.0555555555555555,1,18
"Buck Island STT","2010","4",0,0,17
"Buck Island STT","2010","5",0,0,12
"Buck Island STT","2010","6",0,0,11
"Buck Island STT","2011","1",0.0526315789473684,1,19
"Buck Island STT","2011","2",0,0,15
"Buck Island STT","2011","3",0,0,18
"Buck Island STT","2011","4",0,0,16
"Buck Island STT","2011","5",0.076923076923077,1,13
"Buck Island STT","2011","6",0,0,11
"Buck Island STT","2012","1",0,0,19
"Buck Island STT","2012","2",0,0,16
"Buck Island STT","2012","3",0.0666666666666667,1,15
"Buck Island STT","2012","4",0.0666666666666667,1,15
"Buck Island STT","2012","5",0,0,13
"Buck Island STT","2012","6",0.153846153846154,2,13
"Buck Island STT","2013","1",0,0,17
"Buck Island STT","2013","2",0,0,12
"Buck Island STT","2013","3",0,0,16
"Buck Island STT","2013","4",0.076923076923077,1,13
"Buck Island STT","2013","5",0,0,13
"Buck Island STT","2013","6",0.0833333333333333,1,12
"Buck Island STT","2014","1",0,0,15
"Buck Island STT","2014","2",0.142857142857143,1,7
"Buck Island STT","2014","3",0,0,16
"Buck Island STT","2014","4",0,0,17
"Buck Island STT","2014","5",0,0,13
"Buck Island STT","2014","6",0,0,12
"Buck Island STT","2015","1",0.0833333333333333,1,12
"Buck Island STT","2015","2",0,0,18
"Buck Island STT","2015","3",0,0,18
"Buck Island STT","2015","4",0,0,11
"Buck Island STT","2015","5",0,0,11
"Buck Island STT","2015","6",0.0857142857142857,3,35
"Buck Island STT","2016","1",0,0,17
"Buck Island STT","2016","2",0.0555555555555555,1,18
"Buck Island STT","2016","3",0,0,12
"Buck Island STT","2016","4",0,0,13
"Buck Island STT","2016","5",0,0,14
"Buck Island STT","2016","6",0.076923076923077,1,13
"Buck Island STT","2017","1",0.076923076923077,1,13
"Buck Island STT","2017","2",0,0,17
"Buck Island STT","2017","3",0.0909090909090909,1,11
"Buck Island STT","2017","4",0,0,63
"Buck Island STT","2017","5",0,0,53
"Buck Island STT","2017","6",0,0,71
"Buck Island STT","2018","1",0,0,13
"Buck Island STT","2018","2",0,0,12
"Buck Island STT","2018","3",0,0,9
"Buck Island STT","2018","4",0.0161290322580645,1,62
"Buck Island STT","2018","5",0.0198019801980198,2,101
"Buck Island STT","2018","6",0,0,53
"Buck Island STT","2019","1",0,0,12
"Buck Island STT","2019","2",0,0,13
"Buck Island STT","2019","4",0,0,55
"Buck Island STT","2019","5",0,0,77
"Buck Island STT","2019","6",0,0,48
"Buck Island STT","2020","1",0.0555555555555555,1,18
"Buck Island STT","2020","2",0,0,8
"Buck Island STT","2020","3",0,0,12
"Buck Island STT","2020","4",0,0,47
"Buck Island STT","2020","5",0.0161290322580645,1,62
"Buck Island STT","2020","6",0,0,49
"Buck Island STT","2021","1",0,0,10
"Buck Island STT","2021","2",0,0,9
"Buck Island STT","2021","3",0,0,9
"Buck Island STT","2021","4",0,0,39
"Buck Island STT","2021","5",0.0192307692307692,1,52
"Buck Island STT","2021","6",0,0,48
"Buck Island STT","2022","1",0,0,10
"Buck Island STT","2022","2",0,0,9
"Buck Island STT","2022","3",0,0,12
"Buck Island STT","2022","4",0,0,67
"Buck Island STT","2022","5",0,0,64
"Buck Island STT","2022","6",0,0,43
"Buck Island STX","2010","1",0,0,15
"Buck Island STX","2010","2",0,0,10
"Buck Island STX","2010","3",0.166666666666667,1,6
"Buck Island STX","2010","4",0,0,12
"Buck Island STX","2010","5",0.133333333333333,2,15
"Buck Island STX","2010","6",0.0833333333333333,1,12
"Buck Island STX","2011","1",0,0,21
"Buck Island STX","2011","2",0,0,10
"Buck Island STX","2011","3",0,0,8
"Buck Island STX","2011","4",0.0666666666666667,1,15
"Buck Island STX","2011","5",0.214285714285714,3,14
"Buck Island STX","2011","6",0.1,1,10
"Buck Island STX","2013","1",0,0,17
"Buck Island STX","2013","2",0,0,9
"Buck Island STX","2013","3",0,0,15
"Buck Island STX","2013","4",0,0,16
"Buck Island STX","2013","5",0,0,18
"Buck Island STX","2013","6",0,0,10
"Buck Island STX","2014","1",0,0,8
"Buck Island STX","2014","2",0,0,15
"Buck Island STX","2014","4",0.0526315789473684,1,19
"Buck Island STX","2014","5",0,0,13
"Buck Island STX","2014","6",0,0,13
"Buck Island STX","2015","1",0,0,8
"Buck Island STX","2015","2",0,0,7
"Buck Island STX","2015","3",0,0,8
"Buck Island STX","2015","4",0.0909090909090909,1,11
"Buck Island STX","2015","5",0,0,13
"Buck Island STX","2015","6",0,0,9
"Buck Island STX","2016","1",0,0,11
"Buck Island STX","2016","2",0,0,10
"Buck Island STX","2016","3",0.153846153846154,2,13
"Buck Island STX","2016","4",0,0,15
"Buck Island STX","2016","5",0,0,9
"Buck Island STX","2016","6",0,0,11
"Buck Island STX","2017","1",0,0,17
"Buck Island STX","2017","2",0.166666666666667,2,12
"Buck Island STX","2017","3",0,0,9
"Buck Island STX","2017","4",0,0,16
"Buck Island STX","2017","5",0,0,7
"Buck Island STX","2017","6",0,0,10
"Buck Island STX","2018","1",0,0,9
"Buck Island STX","2018","2",0,0,9
"Buck Island STX","2018","3",0,0,6
"Buck Island STX","2018","4",0,0,13
"Buck Island STX","2018","5",0,0,11
"Buck Island STX","2018","6",0,0,8
"Buck Island STX","2019","1",0,0,20
"Buck Island STX","2019","2",0,0,9
"Buck Island STX","2019","3",0,0,9
"Buck Island STX","2019","4",0,0,15
"Buck Island STX","2019","5",0,0,11
"Buck Island STX","2019","6",0,0,11
"Buck Island STX","2020","1",0,0,17
"Buck Island STX","2020","2",0,0,13
"Buck Island STX","2020","3",0,0,13
"Buck Island STX","2020","4",0,0,14
"Buck Island STX","2020","5",0,0,9
"Buck Island STX","2020","6",0,0,16
"Buck Island STX","2021","1",0,0,8
"Buck Island STX","2021","2",0,0,9
"Buck Island STX","2021","3",0,0,8
"Buck Island STX","2021","4",0,0,11
"Buck Island STX","2021","5",0,0,8
"Buck Island STX","2021","6",0,0,8
"Buck Island STX","2022","1",0,0,17
"Buck Island STX","2022","2",0,0,15
"Buck Island STX","2022","3",0,0,9
"Buck Island STX","2022","4",0,0,15
"Buck Island STX","2022","5",0,0,9
"Buck Island STX","2022","6",0,0,12
"Buck Island STX Deep","2016","1",0,0,19
"Buck Island STX Deep","2016","2",0,0,15
"Buck Island STX Deep","2016","3",0,0,17
"Buck Island STX Deep","2016","4",0.0555555555555555,1,18
"Buck Island STX Deep","2016","5",0,0,20
"Buck Island STX Deep","2016","6",0.0434782608695652,1,23
"Buck Island STX Deep","2018","1",0,0,19
"Buck Island STX Deep","2018","2",0,0,23
"Buck Island STX Deep","2018","3",0.0476190476190476,1,21
"Buck Island STX Deep","2018","4",0.0714285714285715,1,14
"Buck Island STX Deep","2018","5",0,0,20
"Buck Island STX Deep","2018","6",0.0416666666666667,1,24
"Buck Island STX Deep","2019","1",0,0,18
"Buck Island STX Deep","2019","2",0,0,24
"Buck Island STX Deep","2019","3",0,0,18
"Buck Island STX Deep","2019","4",0,0,14
"Buck Island STX Deep","2019","5",0,0,23
"Buck Island STX Deep","2019","6",0,0,18
"Buck Island STX Deep","2020","1",0.0625,1,16
"Buck Island STX Deep","2020","2",0,0,25
"Buck Island STX Deep","2020","3",0.0555555555555555,1,18
"Buck Island STX Deep","2020","4",0,0,19
"Buck Island STX Deep","2020","5",0,0,18
"Buck Island STX Deep","2020","6",0.130434782608696,3,23
"Buck Island STX Deep","2021","1",0.0714285714285715,1,14
"Buck Island STX Deep","2021","2",0,0,23
"Buck Island STX Deep","2021","3",0,0,13
"Buck Island STX Deep","2021","4",0,0,14
"Buck Island STX Deep","2021","5",0,0,14
"Buck Island STX Deep","2021","6",0.142857142857143,2,14
"Buck Island STX Deep","2022","1",0,0,10
"Buck Island STX Deep","2022","2",0,0,14
"Buck Island STX Deep","2022","3",0,0,10
"Buck Island STX Deep","2022","4",0,0,11
"Buck Island STX Deep","2022","5",0,0,10
"Buck Island STX Deep","2022","6",0.111111111111111,1,9
"Cane Bay","2010","1",0.0833333333333333,1,12
"Cane Bay","2010","2",0.15,3,20
"Cane Bay","2010","3",0,0,15
"Cane Bay","2010","4",0.0555555555555555,1,18
"Cane Bay","2010","5",0,0,13
"Cane Bay","2010","6",0.214285714285714,3,14
"Cane Bay","2011","1",0.0625,1,16
"Cane Bay","2011","2",0,0,21
"Cane Bay","2011","3",0.0476190476190476,1,21
"Cane Bay","2011","4",0.0666666666666667,1,15
"Cane Bay","2011","5",0.142857142857143,2,14
"Cane Bay","2011","6",0.0476190476190476,1,21
"Cane Bay","2012","2",0.0416666666666667,1,24
"Cane Bay","2012","3",0.0666666666666667,1,15
"Cane Bay","2012","4",0,0,16
"Cane Bay","2012","5",0,0,16
"Cane Bay","2012","6",0.19047619047619,4,21
"Cane Bay","2013","1",0,0,13
"Cane Bay","2013","2",0,0,16
"Cane Bay","2013","3",0,0,21
"Cane Bay","2013","4",0,0,19
"Cane Bay","2013","5",0.0588235294117647,1,17
"Cane Bay","2013","6",0.0454545454545454,1,22
"Cane Bay","2014","1",0.111111111111111,1,9
"Cane Bay","2014","2",0.0952380952380952,2,21
"Cane Bay","2014","3",0.166666666666667,2,12
"Cane Bay","2014","4",0,0,15
"Cane Bay","2014","5",0.0666666666666667,1,15
"Cane Bay","2014","6",0.222222222222222,4,18
"Cane Bay","2015","1",0,0,9
"Cane Bay","2015","2",0.0476190476190476,1,21
"Cane Bay","2015","3",0.230769230769231,3,13
"Cane Bay","2015","4",0.130434782608696,3,23
"Cane Bay","2015","5",0,0,14
"Cane Bay","2015","6",0,0,15
"Cane Bay","2016","1",0,0,8
"Cane Bay","2016","2",0.0666666666666667,1,15
"Cane Bay","2016","3",0.0833333333333333,1,12
"Cane Bay","2016","4",0,0,16
"Cane Bay","2016","5",0.0434782608695652,1,23
"Cane Bay","2016","6",0.0909090909090909,2,22
"Cane Bay","2017","1",0,0,8
"Cane Bay","2017","2",0,0,13
"Cane Bay","2017","3",0,0,16
"Cane Bay","2017","4",0,0,18
"Cane Bay","2017","5",0.0666666666666667,1,15
"Cane Bay","2017","6",0.157894736842105,3,19
"Cane Bay","2018","1",0,0,10
"Cane Bay","2018","2",0.0769230769230769,1,13
"Cane Bay","2018","3",0,0,15
"Cane Bay","2018","4",0.0555555555555555,1,18
"Cane Bay","2018","5",0.0833333333333333,1,12
"Cane Bay","2018","6",0.263157894736842,5,19
"Cane Bay","2019","1",0,0,6
"Cane Bay","2019","3",0,0,15
"Cane Bay","2019","4",0,0,11
"Cane Bay","2019","5",0.0666666666666667,1,15
"Cane Bay","2019","6",0.105263157894737,2,19
"Cane Bay","2020","1",0,0,7
"Cane Bay","2020","2",0.0588235294117647,1,17
"Cane Bay","2020","3",0.0526315789473684,1,19
"Cane Bay","2020","4",0,0,18
"Cane Bay","2020","5",0.214285714285714,3,14
"Cane Bay","2020","6",0.2,5,25
"Cane Bay","2021","1",0,0,4
"Cane Bay","2021","2",0,0,14
"Cane Bay","2021","3",0,0,18
"Cane Bay","2021","4",0,0,20
"Cane Bay","2021","5",0.157894736842105,3,19
"Cane Bay","2021","6",0.214285714285714,3,14
"Cane Bay Deep","2010","1",0,0,12
"Cane Bay Deep","2010","2",0,0,11
"Cane Bay Deep","2010","3",0,0,4
"Cane Bay Deep","2010","4",0,0,14
"Cane Bay Deep","2010","5",0.111111111111111,1,9
"Cane Bay Deep","2010","6",0.125,1,8
"Cane Bay Deep","2011","1",0,0,9
"Cane Bay Deep","2011","2",0,0,11
"Cane Bay Deep","2011","3",0,0,10
"Cane Bay Deep","2011","4",0,0,12
"Cane Bay Deep","2011","5",0,0,10
"Cane Bay Deep","2011","6",0,0,8
"Cane Bay Deep","2012","1",0,0,12
"Cane Bay Deep","2012","3",0,0,12
"Cane Bay Deep","2012","5",0,0,11
"Cane Bay Deep","2013","1",0,0,11
"Cane Bay Deep","2013","2",0,0,9
"Cane Bay Deep","2013","3",0,0,10
"Cane Bay Deep","2013","4",0.111111111111111,1,9
"Cane Bay Deep","2013","5",0,0,8
"Cane Bay Deep","2013","6",0,0,9
"Cane Bay Deep","2014","1",0,0,6
"Cane Bay Deep","2014","2",0,0,6
"Cane Bay Deep","2014","3",0.0909090909090909,1,11
"Cane Bay Deep","2014","4",0.25,2,8
"Cane Bay Deep","2014","5",0.111111111111111,1,9
"Cane Bay Deep","2014","6",0,0,8
"Cane Bay Deep","2015","1",0,0,7
"Cane Bay Deep","2015","2",0,0,10
"Cane Bay Deep","2015","3",0.1,1,10
"Cane Bay Deep","2015","4",0.1,1,10
"Cane Bay Deep","2015","5",0.1,1,10
"Cane Bay Deep","2015","6",0.125,1,8
"Cane Bay Deep","2016","1",0,0,8
"Cane Bay Deep","2016","2",0,0,9
"Cane Bay Deep","2016","3",0,0,9
"Cane Bay Deep","2016","4",0,0,3
"Cane Bay Deep","2016","5",0,0,11
"Cane Bay Deep","2016","6",0.111111111111111,1,9
"Cane Bay Deep","2017","1",0,0,3
"Cane Bay Deep","2017","2",0,0,4
"Cane Bay Deep","2017","3",0,0,10
"Cane Bay Deep","2017","4",0.142857142857143,1,7
"Cane Bay Deep","2017","5",0,0,7
"Cane Bay Deep","2017","6",0,0,8
"Cane Bay Deep","2018","1",0,0,4
"Cane Bay Deep","2018","2",0,0,8
"Cane Bay Deep","2018","3",0,0,9
"Cane Bay Deep","2018","4",0,0,7
"Cane Bay Deep","2018","5",0,0,12
"Cane Bay Deep","2018","6",0,0,11
"Cane Bay Deep","2019","1",0,0,6
"Cane Bay Deep","2019","2",0,0,8
"Cane Bay Deep","2019","3",0,0,9
"Cane Bay Deep","2019","4",0,0,7
"Cane Bay Deep","2019","5",0,0,8
"Cane Bay Deep","2019","6",0,0,6
"Cane Bay Deep","2020","1",0,0,6
"Cane Bay Deep","2020","2",0,0,5
"Cane Bay Deep","2020","3",0,0,11
"Cane Bay Deep","2020","4",0.142857142857143,1,7
"Cane Bay Deep","2020","5",0,0,9
"Cane Bay Deep","2020","6",0,0,11
"Cane Bay Deep","2021","1",0,0,3
"Cane Bay Deep","2021","2",0,0,10
"Cane Bay Deep","2021","3",0.142857142857143,1,7
"Cane Bay Deep","2021","4",0.25,1,4
"Cane Bay Deep","2021","5",0,0,7
"Cane Bay Deep","2021","6",0,0,8
"Castle","2010","1",0.0454545454545454,1,22
"Castle","2010","2",0.217391304347826,5,23
"Castle","2010","3",0,0,16
"Castle","2010","4",0,0,8
"Castle","2010","5",0.0909090909090909,1,11
"Castle","2010","6",0.208333333333333,5,24
"Castle","2011","1",0.0434782608695652,1,23
"Castle","2011","2",0.0454545454545454,1,22
"Castle","2011","3",0,0,16
"Castle","2011","4",0.111111111111111,1,9
"Castle","2011","5",0.235294117647059,4,17
"Castle","2011","6",0.133333333333333,4,30
"Castle","2012","1",0,0,24
"Castle","2012","2",0,0,16
"Castle","2012","3",0,0,19
"Castle","2012","4",0,0,14
"Castle","2012","5",0.0909090909090909,1,11
"Castle","2012","6",0.2,4,20
"Castle","2013","1",0,0,21
"Castle","2013","2",0,0,20
"Castle","2013","3",0,0,15
"Castle","2013","4",0.0769230769230769,1,13
"Castle","2013","5",0.142857142857143,3,21
"Castle","2013","6",0,0,18
"Castle","2014","1",0,0,18
"Castle","2014","2",0,0,13
"Castle","2014","3",0.0714285714285715,1,14
"Castle","2014","4",0.0909090909090909,1,11
"Castle","2014","5",0,0,13
"Castle","2014","6",0,0,15
"Castle","2015","1",0,0,22
"Castle","2015","2",0,0,13
"Castle","2015","3",0,0,17
"Castle","2015","4",0,0,10
"Castle","2015","5",0.04,1,25
"Castle","2015","6",0,0,20
"Castle","2016","1",0.0909090909090909,1,11
"Castle","2016","2",0.0666666666666667,1,15
"Castle","2016","3",0.0714285714285714,1,14
"Castle","2016","4",0,0,13
"Castle","2016","6",0.166666666666667,3,18
"Castle","2017","1",0,0,12
"Castle","2017","2",0,0,12
"Castle","2017","3",0.0526315789473684,1,19
"Castle","2017","4",0,0,7
"Castle","2017","5",0.1,1,10
"Castle","2017","6",0.208333333333333,5,24
"Castle","2018","1",0.0625,1,16
"Castle","2018","2",0,0,16
"Castle","2018","3",0.0769230769230769,1,13
"Castle","2018","4",0.0909090909090909,1,11
"Castle","2018","5",0.142857142857143,2,14
"Castle","2018","6",0.05,1,20
"Castle","2019","1",0,0,15
"Castle","2019","2",0,0,11
"Castle","2019","3",0,0,20
"Castle","2019","4",0,0,13
"Castle","2019","5",0.25,3,12
"Castle","2019","6",0.1,2,20
"Castle","2020","1",0,0,18
"Castle","2020","2",0.15,3,20
"Castle","2020","3",0.111111111111111,2,18
"Castle","2020","4",0,0,10
"Castle","2020","5",0.166666666666667,2,12
"Castle","2020","6",0.115384615384615,3,26
"Castle","2021","1",0.0952380952380952,2,21
"Castle","2021","2",0.1875,3,16
"Castle","2021","3",0,0,14
"Castle","2021","4",0,0,8
"Castle","2021","5",0.142857142857143,2,14
"Castle","2021","6",0.105263157894737,2,19
"Castle","2022","1",0.0714285714285714,1,14
"Castle","2022","2",0.0714285714285715,1,14
"Castle","2022","3",0.0555555555555555,1,18
"Castle","2022","4",0,0,10
"Castle","2022","5",0.0909090909090909,1,11
"Castle","2022","6",0.0454545454545454,1,22
"Coculus Rock","2010","1",0.05,1,20
"Coculus Rock","2010","2",0.0714285714285715,2,28
"Coculus Rock","2010","3",0.105263157894737,2,19
"Coculus Rock","2010","4",0.0967741935483871,3,31
"Coculus Rock","2010","5",0.05,1,20
"Coculus Rock","2010","6",0.111111111111111,3,27
"Coculus Rock","2011","1",0,0,17
"Coculus Rock","2011","2",0.0909090909090909,2,22
"Coculus Rock","2011","3",0,0,15
"Coculus Rock","2011","4",0,0,26
"Coculus Rock","2011","5",0.0588235294117647,1,17
"Coculus Rock","2011","6",0,0,26
"Coculus Rock","2012","1",0.125,2,16
"Coculus Rock","2012","2",0.0344827586206897,1,29
"Coculus Rock","2012","3",0,0,24
"Coculus Rock","2012","4",0,0,17
"Coculus Rock","2012","5",0.0625,1,16
"Coculus Rock","2012","6",0,0,20
"Coculus Rock","2013","1",0,0,17
"Coculus Rock","2013","2",0.12,3,25
"Coculus Rock","2013","3",0,0,23
"Coculus Rock","2013","4",0.0833333333333333,2,24
"Coculus Rock","2013","5",0,0,24
"Coculus Rock","2013","6",0,0,24
"Coculus Rock","2014","1",0,0,21
"Coculus Rock","2014","2",0.0606060606060606,2,33
"Coculus Rock","2014","3",0.2,2,10
"Coculus Rock","2014","4",0,0,22
"Coculus Rock","2014","5",0.142857142857143,2,14
"Coculus Rock","2014","6",0.125,3,24
"Coculus Rock","2015","1",0,0,15
"Coculus Rock","2015","2",0.1,3,30
"Coculus Rock","2015","3",0,0,14
"Coculus Rock","2015","4",0,0,21
"Coculus Rock","2015","5",0,0,16
"Coculus Rock","2015","6",0.0333333333333333,1,30
"Coculus Rock","2016","1",0,0,34
"Coculus Rock","2016","2",0.024390243902439,1,41
"Coculus Rock","2016","3",0.0476190476190476,1,21
"Coculus Rock","2016","4",0,0,23
"Coculus Rock","2016","5",0.0526315789473684,1,19
"Coculus Rock","2016","6",0.277777777777778,5,18
"Coculus Rock","2017","1",0.0695187165775401,13,187
"Coculus Rock","2017","2",0.0360824742268041,7,194
"Coculus Rock","2017","3",0.14,14,100
"Coculus Rock","2017","4",0.166666666666667,2,12
"Coculus Rock","2017","5",0.111111111111111,1,9
"Coculus Rock","2017","6",0,0,16
"Coculus Rock","2018","1",0.0509383378016086,19,373
"Coculus Rock","2018","2",0.0416666666666667,16,384
"Coculus Rock","2018","3",0.0201612903225807,5,248
"Coculus Rock","2018","4",0.0416666666666667,1,24
"Coculus Rock","2018","5",0.0714285714285714,1,14
"Coculus Rock","2018","6",0.0526315789473684,1,19
"Coculus Rock","2019","1",0.035598705501618,11,309
"Coculus Rock","2019","2",0.0199004975124379,8,402
"Coculus Rock","2019","3",0.031578947368421,6,190
"Coculus Rock","2019","4",0,0,16
"Coculus Rock","2019","5",0,0,15
"Coculus Rock","2019","6",0.0526315789473684,1,19
"Coculus Rock","2020","1",0.0074349442379182,2,269
"Coculus Rock","2020","2",0.0213675213675214,5,234
"Coculus Rock","2020","3",0.0988372093023256,17,172
"Coculus Rock","2020","4",0.0689655172413793,2,29
"Coculus Rock","2020","5",0,0,16
"Coculus Rock","2020","6",0,0,18
"Coculus Rock","2021","1",0.077319587628866,15,194
"Coculus Rock","2021","2",0.0403587443946188,9,223
"Coculus Rock","2021","3",0.0567375886524822,8,141
"Coculus Rock","2021","4",0.176470588235294,3,17
"Coculus Rock","2021","5",0.111111111111111,1,9
"Coculus Rock","2021","6",0.0714285714285714,1,14
"Coculus Rock","2022","1",0,0,22
"Coculus Rock","2022","2",0.076923076923077,2,26
"Coculus Rock","2022","3",0,0,13
"Coculus Rock","2022","4",0.0714285714285715,1,14
"Coculus Rock","2022","5",0.5,3,6
"Coculus Rock","2022","6",0.125,2,16
"College Shoal East","2010","1",0.142857142857143,3,21
"College Shoal East","2010","2",0.0588235294117647,1,17
"College Shoal East","2010","3",0,0,25
"College Shoal East","2010","4",0.0909090909090909,2,22
"College Shoal East","2010","5",0,0,14
"College Shoal East","2010","6",0,0,19
"College Shoal East","2011","1",0.0454545454545455,1,22
"College Shoal East","2011","2",0.0909090909090909,2,22
"College Shoal East","2011","3",0,0,25
"College Shoal East","2011","5",0,0,12
"College Shoal East","2011","6",0.0526315789473684,1,19
"College Shoal East","2012","1",0.1,2,20
"College Shoal East","2012","2",0.0625,1,16
"College Shoal East","2012","3",0,0,23
"College Shoal East","2012","4",0,0,16
"College Shoal East","2012","5",0,0,18
"College Shoal East","2012","6",0,0,22
"College Shoal East","2013","1",0,0,21
"College Shoal East","2013","2",0.117647058823529,2,17
"College Shoal East","2013","3",0,0,20
"College Shoal East","2013","4",0,0,22
"College Shoal East","2013","5",0,0,20
"College Shoal East","2013","6",0,0,25
"College Shoal East","2014","1",0,0,21
"College Shoal East","2014","2",0.0625,1,16
"College Shoal East","2014","3",0,0,16
"College Shoal East","2014","4",0,0,20
"College Shoal East","2014","5",0,0,17
"College Shoal East","2014","6",0,0,24
"College Shoal East","2015","1",0.0555555555555555,1,18
"College Shoal East","2015","2",0.117647058823529,2,17
"College Shoal East","2015","3",0,0,21
"College Shoal East","2015","4",0,0,18
"College Shoal East","2015","5",0,0,15
"College Shoal East","2015","6",0,0,18
"College Shoal East","2016","1",0.111111111111111,2,18
"College Shoal East","2016","2",0.357142857142857,5,14
"College Shoal East","2016","3",0.0869565217391304,2,23
"College Shoal East","2016","4",0.111111111111111,2,18
"College Shoal East","2016","5",0,0,17
"College Shoal East","2016","6",0,0,23
"College Shoal East","2017","1",0.0952380952380952,2,21
"College Shoal East","2017","2",0.0714285714285714,1,14
"College Shoal East","2017","3",0,0,23
"College Shoal East","2017","4",0,0,20
"College Shoal East","2017","5",0,0,13
"College Shoal East","2017","6",0,0,20
"College Shoal East","2018","1",0,0,21
"College Shoal East","2018","2",0.0555555555555555,1,18
"College Shoal East","2018","3",0,0,22
"College Shoal East","2018","4",0,0,22
"College Shoal East","2018","5",0,0,16
"College Shoal East","2018","6",0,0,25
"College Shoal East","2019","1",0,0,19
"College Shoal East","2019","2",0,0,16
"College Shoal East","2019","3",0,0,21
"College Shoal East","2019","4",0,0,18
"College Shoal East","2019","5",0,0,13
"College Shoal East","2019","6",0,0,21
"College Shoal East","2020","1",0,0,18
"College Shoal East","2020","2",0,0,14
"College Shoal East","2020","3",0.0588235294117647,1,17
"College Shoal East","2020","4",0,0,22
"College Shoal East","2020","5",0,0,12
"College Shoal East","2020","6",0,0,22
"College Shoal East","2021","1",0,0,18
"College Shoal East","2021","2",0,0,8
"College Shoal East","2021","3",0,0,19
"College Shoal East","2021","4",0,0,17
"College Shoal East","2021","5",0,0,13
"College Shoal East","2021","6",0,0,17
"Coral Bay","2011","1",0.0588235294117647,2,34
"Coral Bay","2011","2",0.024390243902439,1,41
"Coral Bay","2011","3",0.0555555555555555,2,36
"Coral Bay","2011","4",0.111111111111111,3,27
"Coral Bay","2011","5",0.0666666666666667,3,45
"Coral Bay","2011","6",0.0434782608695652,2,46
"Coral Bay","2012","1",0.03125,1,32
"Coral Bay","2012","2",0,0,40
"Coral Bay","2012","3",0.0476190476190476,2,42
"Coral Bay","2012","4",0.0689655172413793,2,29
"Coral Bay","2012","5",0,0,39
"Coral Bay","2012","6",0.0476190476190476,2,42
"Coral Bay","2013","1",0.0540540540540541,2,37
"Coral Bay","2013","2",0.0166666666666666,1,60
"Coral Bay","2013","3",0.027027027027027,1,37
"Coral Bay","2013","4",0,0,38
"Coral Bay","2013","5",0,0,54
"Coral Bay","2013","6",0.0441176470588235,3,68
"Coral Bay","2014","1",0,0,62
"Coral Bay","2014","2",0,0,39
"Coral Bay","2014","3",0.0181818181818182,1,55
"Coral Bay","2014","4",0.0833333333333334,2,24
"Coral Bay","2014","5",0,0,38
"Coral Bay","2014","6",0,0,45
"Coral Bay","2015","1",0,0,42
"Coral Bay","2015","2",0.0140845070422535,1,71
"Coral Bay","2015","3",0.0344827586206897,2,58
"Coral Bay","2015","4",0,0,41
"Coral Bay","2015","5",0.0408163265306122,2,49
"Coral Bay","2015","6",0.0131578947368421,1,76
"Coral Bay","2016","1",0,0,34
"Coral Bay","2016","2",0.0227272727272727,1,44
"Coral Bay","2016","3",0.0166666666666667,1,60
"Coral Bay","2016","4",0.0545454545454545,3,55
"Coral Bay","2016","5",0.0344827586206897,2,58
"Coral Bay","2016","6",0.0333333333333333,2,60
"Coral Bay","2017","1",0.027027027027027,1,37
"Coral Bay","2017","2",0.0545454545454546,3,55
"Coral Bay","2017","3",0,0,43
"Coral Bay","2017","4",0.0303030303030303,1,33
"Coral Bay","2017","5",0.0232558139534884,1,43
"Coral Bay","2017","6",0,0,35
"Coral Bay","2018","1",0,0,24
"Coral Bay","2018","2",0,0,39
"Coral Bay","2018","3",0,0,26
"Coral Bay","2018","4",0.04,1,25
"Coral Bay","2018","5",0.0952380952380952,4,42
"Coral Bay","2018","6",0,0,36
"Coral Bay","2019","1",0,0,38
"Coral Bay","2019","2",0.0217391304347826,1,46
"Coral Bay","2019","3",0.0303030303030303,1,33
"Coral Bay","2019","4",0,0,17
"Coral Bay","2019","5",0.03125,1,32
"Coral Bay","2019","6",0,0,26
"Coral Bay","2020","1",0.0434782608695652,1,23
"Coral Bay","2020","2",0,0,44
"Coral Bay","2020","3",0,0,34
"Coral Bay","2020","4",0,0,27
"Coral Bay","2020","5",0,0,37
"Coral Bay","2020","6",0,0,41
"Coral Bay","2021","1",0.0303030303030303,1,33
"Coral Bay","2021","2",0.0833333333333333,3,36
"Coral Bay","2021","3",0.0370370370370371,1,27
"Coral Bay","2021","4",0,0,16
"Coral Bay","2021","5",0.0384615384615385,1,26
"Coral Bay","2021","6",0,0,25
"Coral Bay","2022","1",0,0,27
"Coral Bay","2022","2",0.0333333333333333,1,30
"Coral Bay","2022","3",0,0,24
"Coral Bay","2022","4",0,0,14
"Coral Bay","2022","5",0,0,28
"Coral Bay","2022","6",0,0,18
"Eagle Ray","2010","1",0,0,16
"Eagle Ray","2010","2",0.111111111111111,1,9
"Eagle Ray","2010","5",0,0,16
"Eagle Ray","2010","6",0,0,18
"Eagle Ray","2011","1",0,0,25
"Eagle Ray","2011","2",0.0526315789473684,1,19
"Eagle Ray","2011","3",0,0,16
"Eagle Ray","2011","4",0.0476190476190476,1,21
"Eagle Ray","2011","5",0,0,20
"Eagle Ray","2011","6",0.0454545454545455,1,22
"Eagle Ray","2012","1",0.0555555555555555,1,18
"Eagle Ray","2012","2",0.0526315789473684,1,19
"Eagle Ray","2012","3",0.227272727272727,5,22
"Eagle Ray","2012","4",0.125,3,24
"Eagle Ray","2012","5",0,0,19
"Eagle Ray","2012","6",0.0714285714285714,2,28
"Eagle Ray","2013","1",0,0,18
"Eagle Ray","2013","2",0,0,17
"Eagle Ray","2013","3",0,0,16
"Eagle Ray","2013","4",0.166666666666667,3,18
"Eagle Ray","2013","5",0.05,1,20
"Eagle Ray","2013","6",0.0357142857142857,1,28
"Eagle Ray","2014","1",0,0,18
"Eagle Ray","2014","2",0,0,20
"Eagle Ray","2014","3",0.0588235294117647,1,17
"Eagle Ray","2014","4",0.25,3,12
"Eagle Ray","2014","5",0,0,10
"Eagle Ray","2014","6",0.25,4,16
"Eagle Ray","2015","1",0,0,15
"Eagle Ray","2015","2",0,0,15
"Eagle Ray","2015","3",0,0,13
"Eagle Ray","2015","4",0,0,16
"Eagle Ray","2015","5",0,0,12
"Eagle Ray","2015","6",0,0,17
"Eagle Ray","2016","1",0.0769230769230769,1,13
"Eagle Ray","2016","2",0.0588235294117647,1,17
"Eagle Ray","2016","3",0.222222222222222,2,9
"Eagle Ray","2016","4",0.266666666666667,4,15
"Eagle Ray","2016","5",0,0,14
"Eagle Ray","2016","6",0.2,3,15
"Eagle Ray","2017","1",0.142857142857143,2,14
"Eagle Ray","2017","2",0.111111111111111,2,18
"Eagle Ray","2017","3",0,0,10
"Eagle Ray","2017","4",0.2,3,15
"Eagle Ray","2017","5",0,0,11
"Eagle Ray","2017","6",0,0,19
"Eagle Ray","2018","1",0,0,8
"Eagle Ray","2018","2",0,0,16
"Eagle Ray","2018","3",0,0,9
"Eagle Ray","2018","4",0.266666666666667,4,15
"Eagle Ray","2018","5",0.111111111111111,1,9
"Eagle Ray","2018","6",0,0,7
"Eagle Ray","2019","1",0,0,15
"Eagle Ray","2019","2",0,0,15
"Eagle Ray","2019","3",0,0,8
"Eagle Ray","2019","4",0.176470588235294,3,17
"Eagle Ray","2019","5",0,0,9
"Eagle Ray","2019","6",0.0714285714285714,1,14
"Eagle Ray","2020","1",0.0833333333333333,1,12
"Eagle Ray","2020","2",0.125,2,16
"Eagle Ray","2020","3",0,0,7
"Eagle Ray","2020","4",0.133333333333333,2,15
"Eagle Ray","2020","5",0.076923076923077,1,13
"Eagle Ray","2020","6",0.0769230769230769,1,13
"Eagle Ray","2021","1",0.125,1,8
"Eagle Ray","2021","2",0.0714285714285715,1,14
"Eagle Ray","2021","3",0,0,8
"Eagle Ray","2021","4",0.153846153846154,2,13
"Eagle Ray","2021","5",0,0,9
"Eagle Ray","2021","6",0.0909090909090909,1,11
"Eagle Ray","2022","1",0.142857142857143,1,7
"Eagle Ray","2022","2",0.0769230769230769,1,13
"Eagle Ray","2022","3",0,0,6
"Eagle Ray","2022","4",0.25,2,8
"Eagle Ray","2022","5",0,0,16
"Eagle Ray","2022","6",0,0,12
"Fish Bay","2014","1",0.142857142857143,1,7
"Fish Bay","2014","2",0,0,5
"Fish Bay","2014","3",0,0,4
"Fish Bay","2014","4",0,0,11
"Fish Bay","2014","5",0,0,12
"Fish Bay","2014","6",0,0,10
"Fish Bay","2015","1",0,0,2
"Fish Bay","2015","2",0,0,4
"Fish Bay","2015","4",0,0,14
"Fish Bay","2015","5",0,0,11
"Fish Bay","2015","6",0.142857142857143,1,7
"Fish Bay","2016","1",0,0,3
"Fish Bay","2016","2",0,0,5
"Fish Bay","2016","3",0,0,7
"Fish Bay","2016","4",0,0,19
"Fish Bay","2016","5",0,0,10
"Fish Bay","2016","6",0.166666666666667,1,6
"Fish Bay","2017","1",0.142857142857143,1,7
"Fish Bay","2017","2",0,0,6
"Fish Bay","2017","3",0.111111111111111,1,9
"Fish Bay","2017","4",0,0,18
"Fish Bay","2017","5",0,0,10
"Fish Bay","2017","6",0,0,8
"Fish Bay","2018","1",0,0,5
"Fish Bay","2018","2",0,0,3
"Fish Bay","2018","3",0,0,5
"Fish Bay","2018","4",0,0,9
"Fish Bay","2018","5",0,0,10
"Fish Bay","2018","6",0,0,3
"Fish Bay","2019","1",0,0,2
"Fish Bay","2019","2",0,0,4
"Fish Bay","2019","3",0,0,10
"Fish Bay","2019","4",0,0,11
"Fish Bay","2019","5",0.0833333333333333,1,12
"Fish Bay","2019","6",0.25,2,8
"Fish Bay","2020","1",0.142857142857143,1,7
"Fish Bay","2020","2",0,0,8
"Fish Bay","2020","3",0,0,7
"Fish Bay","2020","4",0,0,10
"Fish Bay","2020","5",0.0666666666666667,1,15
"Fish Bay","2020","6",0,0,8
"Fish Bay","2021","1",0,0,7
"Fish Bay","2021","2",0,0,7
"Fish Bay","2021","3",0,0,8
"Fish Bay","2021","4",0,0,12
"Fish Bay","2021","5",0,0,6
"Fish Bay","2021","6",0,0,7
"Fish Bay","2022","1",0,0,3
"Fish Bay","2022","2",0,0,8
"Fish Bay","2022","3",0,0,6
"Fish Bay","2022","4",0.0769230769230769,1,13
"Fish Bay","2022","5",0,0,3
"Fish Bay","2022","6",0,0,8
"Flat Cay","2010","1",0,0,12
"Flat Cay","2010","2",0.12,3,25
"Flat Cay","2010","3",0,0,18
"Flat Cay","2010","4",0.027027027027027,1,37
"Flat Cay","2010","5",0.0952380952380952,2,21
"Flat Cay","2010","6",0,0,30
"Flat Cay","2011","1",0,0,14
"Flat Cay","2011","2",0.0833333333333334,2,24
"Flat Cay","2011","3",0,0,18
"Flat Cay","2011","4",0,0,22
"Flat Cay","2011","5",0,0,13
"Flat Cay","2011","6",0,0,28
"Flat Cay","2012","1",0.0476190476190476,1,21
"Flat Cay","2012","2",0.0454545454545455,1,22
"Flat Cay","2012","3",0,0,23
"Flat Cay","2012","4",0,0,25
"Flat Cay","2012","5",0.05,1,20
"Flat Cay","2012","6",0.1,2,20
"Flat Cay","2013","1",0,0,25
"Flat Cay","2013","2",0.0526315789473684,1,19
"Flat Cay","2013","3",0,0,21
"Flat Cay","2013","4",0,0,26
"Flat Cay","2013","5",0,0,23
"Flat Cay","2013","6",0,0,28
"Flat Cay","2014","1",0,0,20
"Flat Cay","2014","2",0,0,28
"Flat Cay","2014","3",0.103448275862069,3,29
"Flat Cay","2014","4",0.0357142857142857,1,28
"Flat Cay","2014","5",0.12,3,25
"Flat Cay","2014","6",0,0,28
"Flat Cay","2015","1",0,0,19
"Flat Cay","2015","2",0,0,23
"Flat Cay","2015","3",0,0,26
"Flat Cay","2015","4",0,0,24
"Flat Cay","2015","5",0,0,21
"Flat Cay","2015","6",0,0,24
"Flat Cay","2016","1",0.0555555555555555,1,18
"Flat Cay","2016","2",0.0909090909090909,2,22
"Flat Cay","2016","3",0.0454545454545455,1,22
"Flat Cay","2016","4",0,0,25
"Flat Cay","2016","5",0.0909090909090909,2,22
"Flat Cay","2016","6",0,0,32
"Flat Cay","2017","1",0,0,18
"Flat Cay","2017","2",0,0,20
"Flat Cay","2017","3",0.0769230769230769,2,26
"Flat Cay","2017","4",0.04,1,25
"Flat Cay","2017","5",0.0952380952380952,2,21
"Flat Cay","2017","6",0.0833333333333333,2,24
"Flat Cay","2018","1",0.1,2,20
"Flat Cay","2018","2",0.0666666666666667,1,15
"Flat Cay","2018","3",0,0,16
"Flat Cay","2018","4",0.0194174757281553,4,206
"Flat Cay","2018","5",0.0161290322580645,3,186
"Flat Cay","2018","6",0.00591715976331361,1,169
"Flat Cay","2019","1",0,0,17
"Flat Cay","2019","2",0,0,15
"Flat Cay","2019","3",0.0769230769230769,1,13
"Flat Cay","2019","4",0.0101010101010101,1,99
"Flat Cay","2019","5",0.0222222222222222,2,90
"Flat Cay","2019","6",0.0471698113207547,5,106
"Flat Cay","2020","1",0.166666666666667,3,18
"Flat Cay","2020","2",0,0,13
"Flat Cay","2020","3",0,0,20
"Flat Cay","2020","4",0,0,116
"Flat Cay","2020","5",0.03,3,100
"Flat Cay","2020","6",0.025,3,120
"Flat Cay","2021","1",0.142857142857143,2,14
"Flat Cay","2021","2",0,0,10
"Flat Cay","2021","3",0,0,14
"Flat Cay","2021","4",0.0280373831775701,3,107
"Flat Cay","2021","5",0.0412371134020619,4,97
"Flat Cay","2021","6",0.0176991150442478,2,113
"Flat Cay","2022","1",0,0,19
"Flat Cay","2022","2",0,0,16
"Flat Cay","2022","3",0,0,20
"Flat Cay","2022","4",0,0,79
"Flat Cay","2022","5",0,0,142
"Flat Cay","2022","6",0,0,132
"Grammanik Tiger FSA","2010","1",0,0,19
"Grammanik Tiger FSA","2010","2",0,0,21
"Grammanik Tiger FSA","2010","3",0,0,19
"Grammanik Tiger FSA","2010","4",0,0,17
"Grammanik Tiger FSA","2010","5",0,0,17
"Grammanik Tiger FSA","2010","6",0,0,20
"Grammanik Tiger FSA","2011","1",0.0526315789473684,1,19
"Grammanik Tiger FSA","2011","2",0.05,1,20
"Grammanik Tiger FSA","2011","3",0,0,12
"Grammanik Tiger FSA","2011","4",0,0,16
"Grammanik Tiger FSA","2011","5",0,0,18
"Grammanik Tiger FSA","2011","6",0,0,27
"Grammanik Tiger FSA","2012","1",0,0,18
"Grammanik Tiger FSA","2012","2",0,0,19
"Grammanik Tiger FSA","2012","3",0,0,16
"Grammanik Tiger FSA","2012","4",0,0,18
"Grammanik Tiger FSA","2012","5",0.0666666666666667,1,15
"Grammanik Tiger FSA","2012","6",0,0,25
"Grammanik Tiger FSA","2013","1",0,0,21
"Grammanik Tiger FSA","2013","2",0,0,20
"Grammanik Tiger FSA","2013","3",0,0,11
"Grammanik Tiger FSA","2013","4",0,0,19
"Grammanik Tiger FSA","2013","5",0,0,13
"Grammanik Tiger FSA","2013","6",0,0,30
"Grammanik Tiger FSA","2014","1",0,0,13
"Grammanik Tiger FSA","2014","2",0,0,19
"Grammanik Tiger FSA","2014","3",0,0,15
"Grammanik Tiger FSA","2014","4",0,0,21
"Grammanik Tiger FSA","2014","5",0,0,10
"Grammanik Tiger FSA","2014","6",0.0476190476190476,1,21
"Grammanik Tiger FSA","2015","1",0,0,14
"Grammanik Tiger FSA","2015","2",0,0,21
"Grammanik Tiger FSA","2015","3",0,0,19
"Grammanik Tiger FSA","2015","4",0,0,16
"Grammanik Tiger FSA","2015","5",0,0,15
"Grammanik Tiger FSA","2015","6",0,0,22
"Grammanik Tiger FSA","2016","1",0,0,13
"Grammanik Tiger FSA","2016","2",0,0,17
"Grammanik Tiger FSA","2016","3",0,0,15
"Grammanik Tiger FSA","2016","4",0.0555555555555555,1,18
"Grammanik Tiger FSA","2016","5",0,0,13
"Grammanik Tiger FSA","2016","6",0.037037037037037,1,27
"Grammanik Tiger FSA","2017","1",0.0526315789473684,1,19
"Grammanik Tiger FSA","2017","2",0,0,18
"Grammanik Tiger FSA","2017","3",0,0,19
"Grammanik Tiger FSA","2017","4",0,0,9
"Grammanik Tiger FSA","2017","5",0,0,12
"Grammanik Tiger FSA","2017","6",0.0526315789473684,1,19
"Grammanik Tiger FSA","2018","1",0,0,13
"Grammanik Tiger FSA","2018","2",0,0,21
"Grammanik Tiger FSA","2018","3",0,0,19
"Grammanik Tiger FSA","2018","4",0,0,12
"Grammanik Tiger FSA","2018","5",0,0,12
"Grammanik Tiger FSA","2018","6",0,0,27
"Grammanik Tiger FSA","2019","1",0,0,11
"Grammanik Tiger FSA","2019","2",0,0,18
"Grammanik Tiger FSA","2019","3",0,0,18
"Grammanik Tiger FSA","2019","4",0,0,15
"Grammanik Tiger FSA","2019","5",0,0,14
"Grammanik Tiger FSA","2019","6",0,0,31
"Grammanik Tiger FSA","2020","1",0,0,15
"Grammanik Tiger FSA","2020","2",0,0,12
"Grammanik Tiger FSA","2020","3",0,0,17
"Grammanik Tiger FSA","2020","4",0.0769230769230769,1,13
"Grammanik Tiger FSA","2020","5",0,0,10
"Grammanik Tiger FSA","2020","6",0,0,30
"Grammanik Tiger FSA","2021","1",0.0909090909090909,1,11
"Grammanik Tiger FSA","2021","2",0,0,11
"Grammanik Tiger FSA","2021","3",0,0,9
"Grammanik Tiger FSA","2021","4",0,0,13
"Grammanik Tiger FSA","2021","5",0.1,1,10
"Grammanik Tiger FSA","2021","6",0,0,22
"Great Pond","2010","1",0,0,22
"Great Pond","2010","2",0,0,22
"Great Pond","2010","3",0,0,20
"Great Pond","2010","4",0,0,8
"Great Pond","2010","5",0,0,9
"Great Pond","2010","6",0,0,17
"Great Pond","2011","1",0,0,28
"Great Pond","2011","2",0,0,13
"Great Pond","2011","3",0,0,22
"Great Pond","2011","4",0,0,12
"Great Pond","2011","5",0.117647058823529,2,17
"Great Pond","2011","6",0.0666666666666667,1,15
"Great Pond","2012","1",0.0434782608695652,1,23
"Great Pond","2012","2",0,0,23
"Great Pond","2012","3",0,0,18
"Great Pond","2012","5",0,0,16
"Great Pond","2012","6",0.0434782608695652,1,23
"Great Pond","2013","1",0.037037037037037,1,27
"Great Pond","2013","2",0,0,25
"Great Pond","2013","3",0,0,22
"Great Pond","2013","4",0.0909090909090909,1,11
"Great Pond","2013","5",0,0,13
"Great Pond","2013","6",0.111111111111111,1,9
"Great Pond","2014","1",0,0,27
"Great Pond","2014","2",0,0,17
"Great Pond","2014","3",0,0,22
"Great Pond","2014","4",0,0,12
"Great Pond","2014","5",0.1,1,10
"Great Pond","2014","6",0.0588235294117647,1,17
"Great Pond","2015","1",0,0,28
"Great Pond","2015","2",0,0,14
"Great Pond","2015","3",0,0,22
"Great Pond","2015","4",0,0,10
"Great Pond","2015","5",0.1,2,20
"Great Pond","2015","6",0,0,11
"Great Pond","2016","1",0,0,28
"Great Pond","2016","2",0,0,27
"Great Pond","2016","3",0,0,24
"Great Pond","2016","4",0.111111111111111,1,9
"Great Pond","2016","5",0.0833333333333333,1,12
"Great Pond","2016","6",0.0476190476190476,1,21
"Great Pond","2017","1",0,0,11
"Great Pond","2017","2",0,0,4
"Great Pond","2017","3",0,0,23
"Great Pond","2017","4",0.142857142857143,1,7
"Great Pond","2017","5",0,0,5
"Great Pond","2017","6",0,0,5
"Great Pond","2018","1",0,0,6
"Great Pond","2018","2",0,0,6
"Great Pond","2018","3",0,0,13
"Great Pond","2018","4",0,0,4
"Great Pond","2018","5",0,0,3
"Great Pond","2018","6",0,0,2
"Great Pond","2019","1",0.1,1,10
"Great Pond","2019","2",0,0,5
"Great Pond","2019","3",0,0,10
"Great Pond","2019","4",0,0,7
"Great Pond","2019","5",0,0,1
"Great Pond","2019","6",0,0,3
"Great Pond","2020","1",0,0,21
"Great Pond","2020","2",0,0,5
"Great Pond","2020","3",0,0,13
"Great Pond","2020","4",0,0,5
"Great Pond","2020","5",0.333333333333333,1,3
"Great Pond","2020","6",0,0,11
"Great Pond","2021","1",0,0,21
"Great Pond","2021","2",0,0,6
"Great Pond","2021","3",0,0,15
"Great Pond","2021","4",0,0,9
"Great Pond","2021","5",0.2,1,5
"Great Pond","2021","6",0,0,7
"Great Pond","2022","1",0,0,16
"Great Pond","2022","2",0,0,8
"Great Pond","2022","3",0,0,14
"Great Pond","2022","4",0,0,8
"Great Pond","2022","5",0,0,1
"Great Pond","2022","6",0,0,6
"Hind Bank East FSA","2010","1",0,0,17
"Hind Bank East FSA","2010","2",0,0,16
"Hind Bank East FSA","2010","3",0,0,23
"Hind Bank East FSA","2010","4",0,0,7
"Hind Bank East FSA","2010","5",0,0,20
"Hind Bank East FSA","2010","6",0,0,22
"Hind Bank East FSA","2011","1",0.0952380952380952,2,21
"Hind Bank East FSA","2011","2",0,0,21
"Hind Bank East FSA","2011","3",0.105263157894737,2,19
"Hind Bank East FSA","2011","4",0.133333333333333,2,15
"Hind Bank East FSA","2011","5",0,0,15
"Hind Bank East FSA","2011","6",0,0,17
"Hind Bank East FSA","2012","1",0,0,17
"Hind Bank East FSA","2012","2",0,0,17
"Hind Bank East FSA","2012","3",0,0,21
"Hind Bank East FSA","2012","4",0,0,21
"Hind Bank East FSA","2012","5",0.117647058823529,2,17
"Hind Bank East FSA","2012","6",0.0666666666666667,1,15
"Hind Bank East FSA","2013","1",0.0526315789473684,1,19
"Hind Bank East FSA","2013","2",0,0,18
"Hind Bank East FSA","2013","3",0,0,17
"Hind Bank East FSA","2013","4",0,0,15
"Hind Bank East FSA","2013","5",0,0,19
"Hind Bank East FSA","2013","6",0,0,13
"Hind Bank East FSA","2014","1",0,0,23
"Hind Bank East FSA","2014","2",0,0,20
"Hind Bank East FSA","2014","3",0,0,15
"Hind Bank East FSA","2014","4",0,0,20
"Hind Bank East FSA","2014","5",0,0,16
"Hind Bank East FSA","2014","6",0.133333333333333,2,15
"Hind Bank East FSA","2015","1",0.0555555555555555,1,18
"Hind Bank East FSA","2015","2",0,0,18
"Hind Bank East FSA","2015","3",0,0,18
"Hind Bank East FSA","2015","4",0,0,15
"Hind Bank East FSA","2015","5",0,0,18
"Hind Bank East FSA","2015","6",0,0,9
"Hind Bank East FSA","2016","1",0,0,18
"Hind Bank East FSA","2016","2",0.0769230769230769,1,13
"Hind Bank East FSA","2016","3",0,0,15
"Hind Bank East FSA","2016","4",0,0,13
"Hind Bank East FSA","2016","5",0.1,2,20
"Hind Bank East FSA","2016","6",0.0714285714285715,1,14
"Hind Bank East FSA","2017","1",0,0,22
"Hind Bank East FSA","2017","2",0,0,12
"Hind Bank East FSA","2017","3",0,0,15
"Hind Bank East FSA","2017","4",0,0,14
"Hind Bank East FSA","2017","5",0,0,9
"Hind Bank East FSA","2017","6",0,0,14
"Hind Bank East FSA","2018","1",0,0,16
"Hind Bank East FSA","2018","2",0,0,17
"Hind Bank East FSA","2018","3",0,0,19
"Hind Bank East FSA","2018","4",0,0,14
"Hind Bank East FSA","2018","5",0,0,16
"Hind Bank East FSA","2018","6",0.0769230769230769,1,13
"Hind Bank East FSA","2019","1",0,0,15
"Hind Bank East FSA","2019","2",0.0833333333333333,1,12
"Hind Bank East FSA","2019","3",0,0,17
"Hind Bank East FSA","2019","4",0,0,12
"Hind Bank East FSA","2019","5",0,0,19
"Hind Bank East FSA","2019","6",0,0,13
"Hind Bank East FSA","2020","1",0,0,19
"Hind Bank East FSA","2020","2",0,0,9
"Hind Bank East FSA","2020","3",0,0,16
"Hind Bank East FSA","2020","4",0,0,12
"Hind Bank East FSA","2020","5",0,0,10
"Hind Bank East FSA","2020","6",0,0,15
"Hind Bank East FSA","2021","1",0,0,21
"Hind Bank East FSA","2021","2",0,0,10
"Hind Bank East FSA","2021","3",0,0,12
"Hind Bank East FSA","2021","4",0,0,10
"Hind Bank East FSA","2021","5",0.1,1,10
"Hind Bank East FSA","2021","6",0.111111111111111,1,9
"Jacks Bay","2012","2",0,0,2
"Jacks Bay","2012","3",0,0,17
"Jacks Bay","2012","4",0,0,15
"Jacks Bay","2012","5",0,0,12
"Jacks Bay","2013","1",0,0,14
"Jacks Bay","2013","2",0,0,22
"Jacks Bay","2013","3",0,0,15
"Jacks Bay","2013","4",0,0,18
"Jacks Bay","2013","5",0,0,18
"Jacks Bay","2013","6",0,0,17
"Jacks Bay","2014","1",0,0,18
"Jacks Bay","2014","2",0,0,19
"Jacks Bay","2014","3",0,0,7
"Jacks Bay","2014","4",0.153846153846154,2,13
"Jacks Bay","2014","5",0,0,11
"Jacks Bay","2014","6",0.0588235294117647,1,17
"Jacks Bay","2015","1",0,0,15
"Jacks Bay","2015","2",0,0,9
"Jacks Bay","2015","3",0,0,13
"Jacks Bay","2015","4",0,0,9
"Jacks Bay","2015","5",0.0588235294117647,1,17
"Jacks Bay","2015","6",0.0666666666666667,1,15
"Jacks Bay","2016","1",0,0,17
"Jacks Bay","2016","2",0.0555555555555555,1,18
"Jacks Bay","2016","3",0,0,17
"Jacks Bay","2016","4",0.0869565217391305,2,23
"Jacks Bay","2016","5",0.166666666666667,2,12
"Jacks Bay","2016","6",0,0,16
"Jacks Bay","2017","1",0,0,22
"Jacks Bay","2017","2",0,0,35
"Jacks Bay","2017","3",0.0666666666666667,1,15
"Jacks Bay","2017","4",0,0,21
"Jacks Bay","2017","5",0,0,8
"Jacks Bay","2017","6",0,0,7
"Jacks Bay","2018","1",0,0,9
"Jacks Bay","2018","2",0.166666666666667,1,6
"Jacks Bay","2018","3",0,0,9
"Jacks Bay","2018","4",0,0,6
"Jacks Bay","2018","5",0,0,10
"Jacks Bay","2018","6",0,0,9
"Jacks Bay","2019","1",0,0,9
"Jacks Bay","2019","2",0.1,1,10
"Jacks Bay","2019","3",0.0714285714285715,1,14
"Jacks Bay","2019","4",0,0,10
"Jacks Bay","2019","5",0,0,9
"Jacks Bay","2019","6",0,0,8
"Jacks Bay","2020","1",0,0,11
"Jacks Bay","2020","2",0,0,12
"Jacks Bay","2020","3",0,0,13
"Jacks Bay","2020","4",0,0,15
"Jacks Bay","2020","5",0,0,10
"Jacks Bay","2020","6",0,0,19
"Jacks Bay","2021","1",0,0,5
"Jacks Bay","2021","2",0.125,1,8
"Jacks Bay","2021","3",0,0,13
"Jacks Bay","2021","4",0.0833333333333333,1,12
"Jacks Bay","2021","5",0,0,9
"Jacks Bay","2021","6",0,0,8
"Kings Corner","2010","1",0.0952380952380952,2,21
"Kings Corner","2010","2",0,0,18
"Kings Corner","2010","3",0.111111111111111,2,18
"Kings Corner","2010","4",0,0,12
"Kings Corner","2010","5",0.266666666666667,4,15
"Kings Corner","2010","6",0.15,3,20
"Kings Corner","2011","3",0.0434782608695652,1,23
"Kings Corner","2011","4",0,0,17
"Kings Corner","2011","5",0.153846153846154,2,13
"Kings Corner","2011","6",0.130434782608696,3,23
"Kings Corner","2012","1",0,0,21
"Kings Corner","2012","2",0,0,17
"Kings Corner","2012","3",0.0909090909090909,3,33
"Kings Corner","2012","4",0.105263157894737,2,19
"Kings Corner","2012","5",0.0588235294117647,1,17
"Kings Corner","2012","6",0.125,3,24
"Kings Corner","2013","1",0.0526315789473684,1,19
"Kings Corner","2013","2",0,0,21
"Kings Corner","2013","3",0,0,28
"Kings Corner","2013","4",0,0,18
"Kings Corner","2013","5",0.133333333333333,2,15
"Kings Corner","2013","6",0.166666666666667,4,24
"Kings Corner","2014","1",0.25,6,24
"Kings Corner","2014","2",0.0434782608695652,1,23
"Kings Corner","2014","3",0.0555555555555555,1,18
"Kings Corner","2014","4",0.0588235294117647,1,17
"Kings Corner","2014","5",0.125,1,8
"Kings Corner","2014","6",0.0869565217391304,2,23
"Kings Corner","2015","1",0,0,22
"Kings Corner","2015","2",0,0,17
"Kings Corner","2015","3",0,0,23
"Kings Corner","2015","4",0,0,20
"Kings Corner","2015","5",0,0,14
"Kings Corner","2015","6",0,0,20
"Kings Corner","2016","1",0.2,4,20
"Kings Corner","2016","2",0,0,18
"Kings Corner","2016","3",0.08,2,25
"Kings Corner","2016","4",0.0952380952380952,2,21
"Kings Corner","2016","5",0.133333333333333,2,15
"Kings Corner","2016","6",0.125,3,24
"Kings Corner","2017","1",0,0,19
"Kings Corner","2017","2",0,0,16
"Kings Corner","2017","3",0,0,26
"Kings Corner","2017","4",0.0666666666666667,1,15
"Kings Corner","2017","5",0.0909090909090909,1,11
"Kings Corner","2017","6",0.130434782608696,3,23
"Kings Corner","2018","1",0.214285714285714,3,14
"Kings Corner","2018","2",0.0526315789473684,1,19
"Kings Corner","2018","3",0,0,25
"Kings Corner","2018","4",0,0,23
"Kings Corner","2018","5",0.0666666666666667,1,15
"Kings Corner","2018","6",0.176470588235294,3,17
"Kings Corner","2019","1",0.04,1,25
"Kings Corner","2019","2",0,0,20
"Kings Corner","2019","3",0.032258064516129,1,31
"Kings Corner","2019","4",0,0,19
"Kings Corner","2019","5",0.1,1,10
"Kings Corner","2019","6",0.0833333333333333,2,24
"Kings Corner","2020","1",0,0,11
"Kings Corner","2020","2",0,0,10
"Kings Corner","2020","3",0.117647058823529,2,17
"Kings Corner","2020","4",0,0,12
"Kings Corner","2020","5",0.142857142857143,2,14
"Kings Corner","2020","6",0.105263157894737,2,19
"Kings Corner","2021","1",0,0,13
"Kings Corner","2021","2",0,0,9
"Kings Corner","2021","3",0,0,14
"Kings Corner","2021","4",0,0,9
"Kings Corner","2021","5",0,0,6
"Kings Corner","2021","6",0.266666666666667,4,15
"Kings Corner","2022","1",0,0,10
"Kings Corner","2022","2",0,0,8
"Kings Corner","2022","3",0,0,14
"Kings Corner","2022","4",0,0,10
"Kings Corner","2022","5",0.4,2,5
"Kings Corner","2022","6",0.117647058823529,2,17
"Lang Bank EEMP","2010","1",0,0,16
"Lang Bank EEMP","2010","2",0,0,15
"Lang Bank EEMP","2010","3",0,0,14
"Lang Bank EEMP","2010","4",0,0,10
"Lang Bank EEMP","2010","5",0,0,11
"Lang Bank EEMP","2010","6",0,0,13
"Lang Bank EEMP","2011","1",0.0588235294117647,1,17
"Lang Bank EEMP","2011","2",0.0909090909090909,2,22
"Lang Bank EEMP","2011","3",0,0,7
"Lang Bank EEMP","2011","4",0,0,17
"Lang Bank EEMP","2011","5",0,0,10
"Lang Bank EEMP","2011","6",0,0,26
"Lang Bank EEMP","2012","1",0,0,12
"Lang Bank EEMP","2012","2",0,0,16
"Lang Bank EEMP","2012","3",0,0,14
"Lang Bank EEMP","2012","4",0,0,19
"Lang Bank EEMP","2012","5",0,0,15
"Lang Bank EEMP","2012","6",0,0,28
"Lang Bank EEMP","2013","1",0,0,12
"Lang Bank EEMP","2013","2",0,0,19
"Lang Bank EEMP","2013","3",0.0714285714285715,1,14
"Lang Bank EEMP","2013","4",0.0555555555555555,1,18
"Lang Bank EEMP","2013","5",0,0,12
"Lang Bank EEMP","2013","6",0,0,24
"Lang Bank EEMP","2014","1",0,0,15
"Lang Bank EEMP","2014","2",0,0,13
"Lang Bank EEMP","2014","3",0.0769230769230769,1,13
"Lang Bank EEMP","2014","4",0,0,19
"Lang Bank EEMP","2014","5",0,0,8
"Lang Bank EEMP","2014","6",0,0,20
"Lang Bank EEMP","2015","1",0,0,9
"Lang Bank EEMP","2015","2",0,0,21
"Lang Bank EEMP","2015","3",0,0,17
"Lang Bank EEMP","2015","4",0.0625,1,16
"Lang Bank EEMP","2015","5",0,0,12
"Lang Bank EEMP","2015","6",0,0,23
"Lang Bank EEMP","2016","1",0,0,12
"Lang Bank EEMP","2016","2",0,0,19
"Lang Bank EEMP","2016","3",0,0,14
"Lang Bank EEMP","2016","4",0,0,18
"Lang Bank EEMP","2016","5",0,0,9
"Lang Bank EEMP","2016","6",0.0909090909090909,2,22
"Lang Bank EEMP","2017","1",0,0,6
"Lang Bank EEMP","2017","2",0,0,15
"Lang Bank EEMP","2017","3",0,0,6
"Lang Bank EEMP","2017","4",0,0,13
"Lang Bank EEMP","2017","5",0,0,6
"Lang Bank EEMP","2017","6",0,0,24
"Lang Bank EEMP","2018","1",0,0,14
"Lang Bank EEMP","2018","2",0,0,15
"Lang Bank EEMP","2018","3",0,0,18
"Lang Bank EEMP","2018","4",0,0,20
"Lang Bank EEMP","2018","5",0,0,9
"Lang Bank EEMP","2018","6",0,0,22
"Lang Bank EEMP","2019","1",0,0,13
"Lang Bank EEMP","2019","2",0,0,20
"Lang Bank EEMP","2019","3",0,0,11
"Lang Bank EEMP","2019","4",0,0,15
"Lang Bank EEMP","2019","5",0,0,11
"Lang Bank EEMP","2019","6",0,0,23
"Lang Bank EEMP","2020","1",0,0,12
"Lang Bank EEMP","2020","2",0,0,19
"Lang Bank EEMP","2020","3",0,0,12
"Lang Bank EEMP","2020","4",0,0,20
"Lang Bank EEMP","2020","5",0,0,11
"Lang Bank EEMP","2020","6",0,0,23
"Lang Bank EEMP","2021","1",0,0,13
"Lang Bank EEMP","2021","2",0,0,20
"Lang Bank EEMP","2021","3",0,0,11
"Lang Bank EEMP","2021","4",0,0,14
"Lang Bank EEMP","2021","5",0,0,14
"Lang Bank EEMP","2021","6",0.0952380952380952,2,21
"Lang Bank EEMP","2022","1",0,0,12
"Lang Bank EEMP","2022","2",0,0,15
"Lang Bank EEMP","2022","3",0,0,10
"Lang Bank EEMP","2022","4",0,0,15
"Lang Bank EEMP","2022","5",0,0,13
"Lang Bank EEMP","2022","6",0,0,18
"Lang Bank Red Hind FSA","2010","1",0,0,13
"Lang Bank Red Hind FSA","2010","2",0.0666666666666667,1,15
"Lang Bank Red Hind FSA","2010","3",0,0,13
"Lang Bank Red Hind FSA","2010","4",0,0,10
"Lang Bank Red Hind FSA","2010","5",0,0,14
"Lang Bank Red Hind FSA","2010","6",0,0,15
"Lang Bank Red Hind FSA","2011","1",0,0,9
"Lang Bank Red Hind FSA","2011","2",0.0714285714285715,1,14
"Lang Bank Red Hind FSA","2011","3",0.03125,1,32
"Lang Bank Red Hind FSA","2011","4",0.05,1,20
"Lang Bank Red Hind FSA","2011","5",0,0,15
"Lang Bank Red Hind FSA","2011","6",0,0,16
"Lang Bank Red Hind FSA","2012","3",0,0,14
"Lang Bank Red Hind FSA","2012","4",0,0,17
"Lang Bank Red Hind FSA","2012","5",0.0588235294117647,1,17
"Lang Bank Red Hind FSA","2012","6",0,0,18
"Lang Bank Red Hind FSA","2013","1",0,0,13
"Lang Bank Red Hind FSA","2013","2",0,0,12
"Lang Bank Red Hind FSA","2013","3",0,0,17
"Lang Bank Red Hind FSA","2013","4",0,0,18
"Lang Bank Red Hind FSA","2013","5",0,0,14
"Lang Bank Red Hind FSA","2013","6",0,0,17
"Lang Bank Red Hind FSA","2014","1",0,0,11
"Lang Bank Red Hind FSA","2014","2",0,0,10
"Lang Bank Red Hind FSA","2014","3",0,0,14
"Lang Bank Red Hind FSA","2014","4",0,0,15
"Lang Bank Red Hind FSA","2014","5",0,0,14
"Lang Bank Red Hind FSA","2014","6",0.0588235294117647,1,17
"Lang Bank Red Hind FSA","2015","1",0,0,16
"Lang Bank Red Hind FSA","2015","2",0,0,12
"Lang Bank Red Hind FSA","2015","3",0,0,14
"Lang Bank Red Hind FSA","2015","4",0,0,18
"Lang Bank Red Hind FSA","2015","5",0,0,16
"Lang Bank Red Hind FSA","2015","6",0.0555555555555555,1,18
"Lang Bank Red Hind FSA","2016","1",0,0,12
"Lang Bank Red Hind FSA","2016","2",0,0,11
"Lang Bank Red Hind FSA","2016","3",0.0833333333333333,1,12
"Lang Bank Red Hind FSA","2016","4",0,0,17
"Lang Bank Red Hind FSA","2016","5",0,0,15
"Lang Bank Red Hind FSA","2016","6",0,0,20
"Lang Bank Red Hind FSA","2017","1",0,0,9
"Lang Bank Red Hind FSA","2017","2",0,0,13
"Lang Bank Red Hind FSA","2017","3",0,0,11
"Lang Bank Red Hind FSA","2017","4",0,0,14
"Lang Bank Red Hind FSA","2017","5",0,0,10
"Lang Bank Red Hind FSA","2017","6",0,0,15
"Lang Bank Red Hind FSA","2018","1",0.0555555555555555,1,18
"Lang Bank Red Hind FSA","2018","2",0,0,17
"Lang Bank Red Hind FSA","2018","3",0,0,10
"Lang Bank Red Hind FSA","2018","4",0,0,17
"Lang Bank Red Hind FSA","2018","5",0.0666666666666667,1,15
"Lang Bank Red Hind FSA","2018","6",0.05,1,20
"Lang Bank Red Hind FSA","2019","1",0,0,14
"Lang Bank Red Hind FSA","2019","2",0,0,16
"Lang Bank Red Hind FSA","2019","3",0,0,12
"Lang Bank Red Hind FSA","2019","4",0,0,16
"Lang Bank Red Hind FSA","2019","5",0,0,16
"Lang Bank Red Hind FSA","2019","6",0.0476190476190476,1,21
"Lang Bank Red Hind FSA","2020","1",0.0909090909090909,1,11
"Lang Bank Red Hind FSA","2020","2",0,0,13
"Lang Bank Red Hind FSA","2020","3",0.0909090909090909,1,11
"Lang Bank Red Hind FSA","2020","4",0.1,1,10
"Lang Bank Red Hind FSA","2020","5",0,0,13
"Lang Bank Red Hind FSA","2020","6",0,0,16
"Lang Bank Red Hind FSA","2021","1",0,0,22
"Lang Bank Red Hind FSA","2021","2",0,0,10
"Lang Bank Red Hind FSA","2021","3",0,0,11
"Lang Bank Red Hind FSA","2021","4",0,0,11
"Lang Bank Red Hind FSA","2021","5",0,0,13
"Lang Bank Red Hind FSA","2021","6",0,0,12
"Magens Bay","2010","1",0,0,5
"Magens Bay","2010","2",0,0,14
"Magens Bay","2010","3",0.0526315789473684,1,19
"Magens Bay","2010","4",0.230769230769231,6,26
"Magens Bay","2010","5",0,0,14
"Magens Bay","2010","6",0.0666666666666667,2,30
"Magens Bay","2011","1",0,0,18
"Magens Bay","2011","5",0,0,14
"Magens Bay","2011","6",0.238095238095238,5,21
"Magens Bay","2012","3",0,0,18
"Magens Bay","2012","4",0,0,18
"Magens Bay","2012","5",0,0,11
"Magens Bay","2012","6",0.2,2,10
"Magens Bay","2013","1",0,0,4
"Magens Bay","2013","2",0,0,5
"Magens Bay","2013","3",0.1,1,10
"Magens Bay","2013","4",0,0,18
"Magens Bay","2013","5",0.0909090909090909,2,22
"Magens Bay","2013","6",0.111111111111111,2,18
"Magens Bay","2014","3",0.2,2,10
"Magens Bay","2014","4",0.235294117647059,4,17
"Magens Bay","2014","5",0.0714285714285714,1,14
"Magens Bay","2014","6",0,0,10
"Magens Bay","2015","1",0,0,6
"Magens Bay","2015","2",0,0,9
"Magens Bay","2015","3",0,0,12
"Magens Bay","2015","4",0.153846153846154,2,13
"Magens Bay","2015","5",0.2,2,10
"Magens Bay","2015","6",0,0,17
"Magens Bay","2016","1",0.166666666666667,1,6
"Magens Bay","2016","2",0.142857142857143,1,7
"Magens Bay","2016","3",0.181818181818182,2,11
"Magens Bay","2016","4",0,0,12
"Magens Bay","2016","5",0,0,9
"Magens Bay","2016","6",0.0588235294117647,1,17
"Magens Bay","2017","1",0,0,12
"Magens Bay","2017","2",0,0,44
"Magens Bay","2017","3",0.037037037037037,2,54
"Magens Bay","2017","4",0.119047619047619,5,42
"Magens Bay","2017","5",0.166666666666667,2,12
"Magens Bay","2017","6",0.666666666666667,2,3
"Magens Bay","2018","1",0.25,1,4
"Magens Bay","2018","2",0.275862068965517,8,29
"Magens Bay","2018","3",0,0,58
"Magens Bay","2018","4",0.0128205128205128,1,78
"Magens Bay","2018","5",0.181818181818182,2,11
"Magens Bay","2018","6",0,0,5
"Magens Bay","2019","1",0,0,2
"Magens Bay","2019","2",0.111111111111111,4,36
"Magens Bay","2019","3",0.0181818181818182,1,55
"Magens Bay","2019","4",0,0,63
"Magens Bay","2019","5",0.125,1,8
"Magens Bay","2019","6",0.2,1,5
"Magens Bay","2020","1",0,0,5
"Magens Bay","2020","2",0.189189189189189,7,37
"Magens Bay","2020","3",0.0535714285714285,3,56
"Magens Bay","2020","4",0,0,62
"Magens Bay","2020","5",0,0,11
"Magens Bay","2020","6",0,0,12
"Magens Bay","2021","1",0,0,2
"Magens Bay","2021","2",0.032258064516129,1,31
"Magens Bay","2021","3",0.0270270270270271,1,37
"Magens Bay","2021","4",0.0256410256410256,1,39
"Magens Bay","2021","5",0.153846153846154,2,13
"Magens Bay","2021","6",0.142857142857143,1,7
"Magens Bay","2022","1",0,0,4
"Magens Bay","2022","2",0.09375,3,32
"Magens Bay","2022","3",0,0,25
"Magens Bay","2022","4",0.03125,2,64
"Magens Bay","2022","5",0,0,5
"Magens Bay","2022","6",0.25,1,4
"Meri Shoal","2010","1",0,0,21
"Meri Shoal","2010","2",0,0,15
"Meri Shoal","2010","3",0,0,22
"Meri Shoal","2010","4",0,0,17
"Meri Shoal","2010","5",0,0,17
"Meri Shoal","2010","6",0,0,28
"Meri Shoal","2011","1",0,0,21
"Meri Shoal","2011","2",0,0,12
"Meri Shoal","2011","3",0,0,19
"Meri Shoal","2011","4",0.0625,1,16
"Meri Shoal","2011","5",0,0,15
"Meri Shoal","2011","6",0,0,26
"Meri Shoal","2012","1",0,0,20
"Meri Shoal","2012","2",0,0,14
"Meri Shoal","2012","3",0,0,23
"Meri Shoal","2012","4",0,0,18
"Meri Shoal","2012","5",0,0,14
"Meri Shoal","2012","6",0,0,28
"Meri Shoal","2013","1",0,0,20
"Meri Shoal","2013","2",0,0,18
"Meri Shoal","2013","3",0,0,17
"Meri Shoal","2013","4",0,0,16
"Meri Shoal","2013","5",0,0,12
"Meri Shoal","2013","6",0,0,26
"Meri Shoal","2014","1",0,0,24
"Meri Shoal","2014","2",0,0,17
"Meri Shoal","2014","3",0,0,18
"Meri Shoal","2014","4",0.0384615384615385,1,26
"Meri Shoal","2014","5",0,0,17
"Meri Shoal","2014","6",0,0,22
"Meri Shoal","2015","1",0,0,22
"Meri Shoal","2015","2",0,0,15
"Meri Shoal","2015","3",0,0,21
"Meri Shoal","2015","4",0.0588235294117647,1,17
"Meri Shoal","2015","5",0,0,20
"Meri Shoal","2015","6",0,0,20
"Meri Shoal","2016","1",0,0,21
"Meri Shoal","2016","2",0,0,16
"Meri Shoal","2016","3",0,0,20
"Meri Shoal","2016","4",0,0,16
"Meri Shoal","2016","5",0,0,20
"Meri Shoal","2016","6",0,0,22
"Meri Shoal","2017","1",0,0,21
"Meri Shoal","2017","2",0,0,15
"Meri Shoal","2017","3",0,0,16
"Meri Shoal","2017","4",0,0,17
"Meri Shoal","2017","5",0,0,11
"Meri Shoal","2017","6",0.0434782608695652,1,23
"Meri Shoal","2018","1",0,0,26
"Meri Shoal","2018","2",0,0,25
"Meri Shoal","2018","3",0,0,27
"Meri Shoal","2018","4",0,0,21
"Meri Shoal","2018","5",0,0,18
"Meri Shoal","2018","6",0,0,29
"Meri Shoal","2019","1",0,0,18
"Meri Shoal","2019","2",0,0,25
"Meri Shoal","2019","3",0,0,20
"Meri Shoal","2019","4",0,0,19
"Meri Shoal","2019","5",0,0,19
"Meri Shoal","2019","6",0.0909090909090909,2,22
"Meri Shoal","2020","1",0,0,17
"Meri Shoal","2020","2",0,0,24
"Meri Shoal","2020","3",0,0,20
"Meri Shoal","2020","4",0,0,24
"Meri Shoal","2020","5",0,0,19
"Meri Shoal","2020","6",0,0,23
"Meri Shoal","2021","1",0,0,22
"Meri Shoal","2021","2",0.037037037037037,1,27
"Meri Shoal","2021","3",0,0,18
"Meri Shoal","2021","4",0,0,18
"Meri Shoal","2021","5",0,0,16
"Meri Shoal","2021","6",0,0,17
"Mutton Snapper FSA","2010","1",0,0,10
"Mutton Snapper FSA","2010","2",0,0,14
"Mutton Snapper FSA","2010","3",0,0,10
"Mutton Snapper FSA","2010","4",0,0,10
"Mutton Snapper FSA","2010","5",0,0,12
"Mutton Snapper FSA","2010","6",0,0,16
"Mutton Snapper FSA","2011","1",0.0833333333333333,1,12
"Mutton Snapper FSA","2011","2",0.0833333333333333,1,12
"Mutton Snapper FSA","2011","3",0,0,13
"Mutton Snapper FSA","2011","4",0,0,8
"Mutton Snapper FSA","2011","5",0,0,12
"Mutton Snapper FSA","2011","6",0.0666666666666667,1,15
"Mutton Snapper FSA","2012","5",0,0,1
"Mutton Snapper FSA","2012","6",0,0,17
"Mutton Snapper FSA","2013","2",0,0,10
"Mutton Snapper FSA","2013","4",0,0,14
"Mutton Snapper FSA","2014","1",0,0,8
"Mutton Snapper FSA","2014","2",0,0,10
"Mutton Snapper FSA","2014","3",0,0,13
"Mutton Snapper FSA","2014","4",0,0,7
"Mutton Snapper FSA","2014","5",0,0,11
"Mutton Snapper FSA","2014","6",0.0769230769230769,1,13
"Mutton Snapper FSA","2015","1",0.2,1,5
"Mutton Snapper FSA","2015","2",0,0,6
"Mutton Snapper FSA","2015","3",0.181818181818182,2,11
"Mutton Snapper FSA","2015","4",0.125,1,8
"Mutton Snapper FSA","2015","5",0,0,6
"Mutton Snapper FSA","2015","6",0.125,1,8
"Mutton Snapper FSA","2016","1",0,0,6
"Mutton Snapper FSA","2016","2",0,0,7
"Mutton Snapper FSA","2016","3",0.0909090909090909,1,11
"Mutton Snapper FSA","2016","4",0,0,7
"Mutton Snapper FSA","2016","5",0,0,9
"Mutton Snapper FSA","2016","6",0,0,12
"Mutton Snapper FSA","2017","1",0,0,7
"Mutton Snapper FSA","2017","2",0,0,5
"Mutton Snapper FSA","2017","3",0,0,7
"Mutton Snapper FSA","2017","4",0,0,7
"Mutton Snapper FSA","2017","5",0,0,7
"Mutton Snapper FSA","2017","6",0.0769230769230769,1,13
"Mutton Snapper FSA","2018","1",0,0,10
"Mutton Snapper FSA","2018","2",0,0,6
"Mutton Snapper FSA","2018","3",0,0,4
"Mutton Snapper FSA","2018","4",0,0,7
"Mutton Snapper FSA","2018","5",0,0,4
"Mutton Snapper FSA","2018","6",0.2,1,5
"Mutton Snapper FSA","2019","1",0,0,8
"Mutton Snapper FSA","2019","2",0,0,5
"Mutton Snapper FSA","2019","3",0,0,10
"Mutton Snapper FSA","2019","4",0,0,10
"Mutton Snapper FSA","2019","5",0,0,5
"Mutton Snapper FSA","2019","6",0,0,7
"Mutton Snapper FSA","2020","1",0.166666666666667,1,6
"Mutton Snapper FSA","2020","2",0.2,1,5
"Mutton Snapper FSA","2020","3",0,0,12
"Mutton Snapper FSA","2020","4",0.0526315789473684,1,19
"Mutton Snapper FSA","2020","5",0.166666666666667,1,6
"Mutton Snapper FSA","2020","6",0,0,14
"Mutton Snapper FSA","2021","1",0,0,4
"Mutton Snapper FSA","2021","2",0,0,3
"Mutton Snapper FSA","2021","3",0,0,4
"Mutton Snapper FSA","2021","4",0,0,12
"Mutton Snapper FSA","2021","5",0.2,1,5
"Mutton Snapper FSA","2021","6",0,0,10
"Mutton Snapper FSA","2022","1",0,0,11
"Mutton Snapper FSA","2022","2",0,0,15
"Mutton Snapper FSA","2022","3",0,0,4
"Mutton Snapper FSA","2022","4",0,0,8
"Mutton Snapper FSA","2022","5",0,0,3
"Mutton Snapper FSA","2022","6",0,0,9
"Salt River Deep","2010","1",0.0625,1,16
"Salt River Deep","2010","2",0,0,15
"Salt River Deep","2010","3",0,0,10
"Salt River Deep","2010","4",0,0,9
"Salt River Deep","2010","5",0,0,15
"Salt River Deep","2010","6",0,0,7
"Salt River Deep","2011","1",0,0,13
"Salt River Deep","2011","3",0,0,9
"Salt River Deep","2011","4",0,0,13
"Salt River Deep","2011","5",0,0,9
"Salt River Deep","2011","6",0,0,21
"Salt River Deep","2012","2",0,0,13
"Salt River Deep","2012","4",0,0,4
"Salt River Deep","2012","5",0,0,13
"Salt River Deep","2012","6",0,0,8
"Salt River Deep","2013","1",0,0,12
"Salt River Deep","2013","2",0,0,9
"Salt River Deep","2013","3",0,0,20
"Salt River Deep","2013","4",0,0,12
"Salt River Deep","2013","5",0,0,18
"Salt River Deep","2014","1",0.166666666666667,1,6
"Salt River Deep","2014","2",0,0,11
"Salt River Deep","2014","3",0,0,8
"Salt River Deep","2014","4",0,0,13
"Salt River Deep","2014","5",0,0,16
"Salt River Deep","2014","6",0,0,9
"Salt River Deep","2015","1",0,0,8
"Salt River Deep","2015","2",0,0,10
"Salt River Deep","2015","4",0,0,14
"Salt River Deep","2015","5",0,0,5
"Salt River Deep","2015","6",0,0,5
"Salt River Deep","2016","1",0,0,9
"Salt River Deep","2016","2",0,0,7
"Salt River Deep","2016","3",0,0,17
"Salt River Deep","2016","4",0,0,4
"Salt River Deep","2016","5",0,0,15
"Salt River Deep","2016","6",0,0,7
"Salt River Deep","2017","1",0,0,9
"Salt River Deep","2017","2",0,0,11
"Salt River Deep","2017","3",0,0,15
"Salt River Deep","2017","4",0,0,9
"Salt River Deep","2017","5",0,0,13
"Salt River Deep","2017","6",0,0,6
"Salt River Deep","2018","1",0,0,4
"Salt River Deep","2018","2",0,0,7
"Salt River Deep","2018","3",0,0,9
"Salt River Deep","2018","4",0,0,12
"Salt River Deep","2018","5",0,0,4
"Salt River Deep","2018","6",0,0,6
"Salt River Deep","2019","1",0,0,6
"Salt River Deep","2019","2",0,0,6
"Salt River Deep","2019","3",0,0,5
"Salt River Deep","2019","4",0,0,9
"Salt River Deep","2019","5",0,0,7
"Salt River Deep","2019","6",0,0,4
"Salt River Deep","2020","1",0,0,8
"Salt River Deep","2020","2",0,0,7
"Salt River Deep","2020","3",0,0,13
"Salt River Deep","2020","4",0,0,10
"Salt River Deep","2020","5",0,0,8
"Salt River Deep","2020","6",0,0,6
"Salt River Deep","2021","1",0,0,7
"Salt River Deep","2021","2",0,0,5
"Salt River Deep","2021","3",0,0,9
"Salt River Deep","2021","4",0,0,7
"Salt River Deep","2021","5",0,0,10
"Salt River Deep","2021","6",0.125,1,8
"Salt River Deep","2022","1",0,0,7
"Salt River Deep","2022","2",0,0,9
"Salt River Deep","2022","3",0,0,8
"Salt River Deep","2022","4",0,0,9
"Salt River Deep","2022","5",0,0,9
"Salt River Deep","2022","6",0,0,4
"Salt River West","2011","1",0.178571428571429,5,28
"Salt River West","2011","2",0.111111111111111,2,18
"Salt River West","2011","3",0.111111111111111,2,18
"Salt River West","2011","4",0.0666666666666667,1,15
"Salt River West","2011","5",0.166666666666667,3,18
"Salt River West","2011","6",0.176470588235294,3,17
"Salt River West","2012","1",0.2,3,15
"Salt River West","2012","2",0.181818181818182,2,11
"Salt River West","2012","3",0,0,21
"Salt River West","2012","4",0,0,16
"Salt River West","2012","6",0.272727272727273,3,11
"Salt River West","2013","1",0.05,1,20
"Salt River West","2013","2",0.0666666666666667,1,15
"Salt River West","2013","3",0.25,4,16
"Salt River West","2013","4",0.105263157894737,2,19
"Salt River West","2013","5",0.176470588235294,3,17
"Salt River West","2013","6",0.0588235294117647,1,17
"Salt River West","2014","1",0.0833333333333333,1,12
"Salt River West","2014","2",0.0952380952380952,2,21
"Salt River West","2014","3",0,0,15
"Salt River West","2014","4",0,0,14
"Salt River West","2014","5",0.25,3,12
"Salt River West","2014","6",0.117647058823529,2,17
"Salt River West","2015","1",0.0625,1,16
"Salt River West","2015","2",0,0,22
"Salt River West","2015","3",0,0,18
"Salt River West","2015","4",0,0,18
"Salt River West","2015","5",0.19047619047619,4,21
"Salt River West","2015","6",0.2,3,15
"Salt River West","2016","1",0.0454545454545455,1,22
"Salt River West","2016","2",0.037037037037037,1,27
"Salt River West","2016","3",0.0833333333333333,1,12
"Salt River West","2016","4",0,0,19
"Salt River West","2016","5",0.176470588235294,3,17
"Salt River West","2016","6",0.1,2,20
"Salt River West","2017","1",0,0,19
"Salt River West","2017","2",0.125,2,16
"Salt River West","2017","3",0.0555555555555555,1,18
"Salt River West","2017","4",0,0,17
"Salt River West","2017","5",0,0,15
"Salt River West","2017","6",0.0909090909090909,2,22
"Salt River West","2018","1",0.153846153846154,2,13
"Salt River West","2018","2",0,0,13
"Salt River West","2018","3",0,0,15
"Salt River West","2018","4",0,0,10
"Salt River West","2018","5",0.125,2,16
"Salt River West","2018","6",0.157894736842105,3,19
"Salt River West","2019","1",0.0666666666666667,1,15
"Salt River West","2019","2",0.111111111111111,2,18
"Salt River West","2019","3",0.0588235294117647,1,17
"Salt River West","2019","4",0.0833333333333333,2,24
"Salt River West","2019","5",0.0714285714285714,1,14
"Salt River West","2019","6",0,0,23
"Salt River West","2020","1",0,0,11
"Salt River West","2020","2",0.153846153846154,2,13
"Salt River West","2020","3",0,0,12
"Salt River West","2020","4",0.0526315789473684,1,19
"Salt River West","2020","5",0,0,14
"Salt River West","2020","6",0,0,17
"Salt River West","2021","1",0,0,14
"Salt River West","2021","2",0,0,10
"Salt River West","2021","3",0,0,12
"Salt River West","2021","4",0.153846153846154,2,13
"Salt River West","2021","5",0.0666666666666667,1,15
"Salt River West","2021","6",0.304347826086957,7,23
"Salt River West","2022","1",0,0,9
"Salt River West","2022","2",0,0,11
"Salt River West","2022","3",0.0769230769230769,1,13
"Salt River West","2022","4",0.0666666666666667,1,15
"Salt River West","2022","5",0.0833333333333333,1,12
"Salt River West","2022","6",0.117647058823529,2,17
"Savana","2010","1",0.0714285714285714,1,14
"Savana","2010","2",0.0434782608695652,1,23
"Savana","2010","3",0.15,3,20
"Savana","2010","4",0.2,3,15
"Savana","2010","5",0.166666666666667,2,12
"Savana","2010","6",0.3,6,20
"Savana","2012","1",0,0,21
"Savana","2012","2",0.0714285714285714,1,14
"Savana","2012","3",0.125,2,16
"Savana","2012","4",0.0769230769230769,1,13
"Savana","2012","6",0.117647058823529,2,17
"Savana","2013","3",0.166666666666667,2,12
"Savana","2013","4",0,0,14
"Savana","2013","5",0.0769230769230769,1,13
"Savana","2013","6",0.105263157894737,2,19
"Savana","2014","1",0,0,14
"Savana","2014","2",0,0,12
"Savana","2014","3",0.153846153846154,2,13
"Savana","2014","4",0.285714285714286,4,14
"Savana","2014","5",0,0,10
"Savana","2014","6",0,0,13
"Savana","2015","1",0.1,1,10
"Savana","2015","2",0.1,1,10
"Savana","2015","3",0,0,9
"Savana","2015","4",0.0909090909090909,1,11
"Savana","2015","5",0.111111111111111,1,9
"Savana","2015","6",0.125,2,16
"Savana","2016","1",0,0,10
"Savana","2016","2",0,0,12
"Savana","2016","3",0.3,3,10
"Savana","2016","4",0,0,7
"Savana","2016","5",0,0,10
"Savana","2016","6",0.1875,3,16
"Savana","2017","1",0,0,27
"Savana","2017","2",0,0,44
"Savana","2017","3",0.048780487804878,2,41
"Savana","2017","4",0,0,9
"Savana","2017","5",0,0,4
"Savana","2017","6",0.111111111111111,1,9
"Savana","2018","1",0,0,25
"Savana","2018","2",0,0,31
"Savana","2018","3",0.0638297872340426,3,47
"Savana","2018","4",0,0,7
"Savana","2018","5",0,0,5
"Savana","2018","6",0.375,3,8
"Savana","2019","1",0,0,13
"Savana","2019","2",0,0,20
"Savana","2019","3",0,0,19
"Savana","2019","4",0.125,1,8
"Savana","2019","5",0,0,5
"Savana","2019","6",0.4,2,5
"Savana","2020","1",0,0,22
"Savana","2020","2",0,0,20
"Savana","2020","3",0.0357142857142857,1,28
"Savana","2020","4",0,0,6
"Savana","2020","5",0,0,2
"Savana","2020","6",0.166666666666667,1,6
"Savana","2021","1",0.166666666666667,2,12
"Savana","2021","2",0,0,13
"Savana","2021","3",0.0689655172413793,2,29
"Savana","2021","4",0,0,11
"Savana","2021","5",0,0,5
"Savana","2021","6",0,0,8
"Savana","2022","1",0,0,7
"Savana","2022","2",0,0,13
"Savana","2022","3",0,0,35
"Savana","2022","4",0,0,6
"Savana","2022","5",0,0,5
"Savana","2022","6",0,0,5
"Seahorse Cottage Shoal","2010","1",0,0,16
"Seahorse Cottage Shoal","2010","2",0,0,20
"Seahorse Cottage Shoal","2010","3",0.05,1,20
"Seahorse Cottage Shoal","2010","4",0,0,17
"Seahorse Cottage Shoal","2010","5",0.0434782608695652,1,23
"Seahorse Cottage Shoal","2010","6",0.0555555555555555,1,18
"Seahorse Cottage Shoal","2011","1",0,0,13
"Seahorse Cottage Shoal","2011","2",0,0,17
"Seahorse Cottage Shoal","2011","3",0.0476190476190476,1,21
"Seahorse Cottage Shoal","2011","4",0,0,18
"Seahorse Cottage Shoal","2011","5",0,0,23
"Seahorse Cottage Shoal","2011","6",0.0476190476190476,1,21
"Seahorse Cottage Shoal","2012","1",0.0588235294117647,1,17
"Seahorse Cottage Shoal","2012","2",0,0,28
"Seahorse Cottage Shoal","2012","3",0,0,19
"Seahorse Cottage Shoal","2012","4",0.0384615384615385,1,26
"Seahorse Cottage Shoal","2012","5",0,0,21
"Seahorse Cottage Shoal","2012","6",0.0454545454545454,1,22
"Seahorse Cottage Shoal","2013","1",0,0,17
"Seahorse Cottage Shoal","2013","2",0.0454545454545455,1,22
"Seahorse Cottage Shoal","2013","3",0,0,18
"Seahorse Cottage Shoal","2013","4",0,0,21
"Seahorse Cottage Shoal","2013","5",0,0,19
"Seahorse Cottage Shoal","2013","6",0,0,18
"Seahorse Cottage Shoal","2014","1",0,0,21
"Seahorse Cottage Shoal","2014","2",0,0,23
"Seahorse Cottage Shoal","2014","3",0,0,25
"Seahorse Cottage Shoal","2014","4",0,0,22
"Seahorse Cottage Shoal","2014","5",0.0476190476190476,1,21
"Seahorse Cottage Shoal","2014","6",0.0588235294117647,1,17
"Seahorse Cottage Shoal","2015","1",0.0833333333333333,2,24
"Seahorse Cottage Shoal","2015","2",0.2,4,20
"Seahorse Cottage Shoal","2015","3",0,0,24
"Seahorse Cottage Shoal","2015","4",0,0,16
"Seahorse Cottage Shoal","2015","5",0,0,24
"Seahorse Cottage Shoal","2015","6",0,0,18
"Seahorse Cottage Shoal","2016","1",0.04,1,25
"Seahorse Cottage Shoal","2016","2",0.0476190476190476,1,21
"Seahorse Cottage Shoal","2016","3",0,0,24
"Seahorse Cottage Shoal","2016","4",0,0,18
"Seahorse Cottage Shoal","2016","5",0.0416666666666667,1,24
"Seahorse Cottage Shoal","2016","6",0.0476190476190476,1,21
"Seahorse Cottage Shoal","2017","1",0,0,24
"Seahorse Cottage Shoal","2017","2",0,0,24
"Seahorse Cottage Shoal","2017","3",0.0434782608695652,1,23
"Seahorse Cottage Shoal","2017","4",0.0434782608695652,1,23
"Seahorse Cottage Shoal","2017","5",0,0,17
"Seahorse Cottage Shoal","2017","6",0,0,17
"Seahorse Cottage Shoal","2018","1",0,0,21
"Seahorse Cottage Shoal","2018","2",0,0,23
"Seahorse Cottage Shoal","2018","3",0.0909090909090909,2,22
"Seahorse Cottage Shoal","2018","4",0,0,128
"Seahorse Cottage Shoal","2018","5",0.00598802395209581,1,167
"Seahorse Cottage Shoal","2018","6",0,0,159
"Seahorse Cottage Shoal","2019","1",0,0,19
"Seahorse Cottage Shoal","2019","2",0,0,21
"Seahorse Cottage Shoal","2019","3",0,0,30
"Seahorse Cottage Shoal","2019","4",0.0330578512396694,4,121
"Seahorse Cottage Shoal","2019","5",0.00869565217391306,1,115
"Seahorse Cottage Shoal","2019","6",0.00892857142857143,1,112
"Seahorse Cottage Shoal","2020","1",0,0,15
"Seahorse Cottage Shoal","2020","2",0,0,18
"Seahorse Cottage Shoal","2020","3",0,0,15
"Seahorse Cottage Shoal","2020","4",0,0,77
"Seahorse Cottage Shoal","2020","5",0.0229885057471265,2,87
"Seahorse Cottage Shoal","2020","6",0.0126582278481013,1,79
"Seahorse Cottage Shoal","2021","1",0.181818181818182,2,11
"Seahorse Cottage Shoal","2021","2",0.181818181818182,2,11
"Seahorse Cottage Shoal","2021","3",0.333333333333333,3,9
"Seahorse Cottage Shoal","2021","4",0,0,81
"Seahorse Cottage Shoal","2021","5",0.0133333333333333,1,75
"Seahorse Cottage Shoal","2021","6",0.0113636363636364,1,88
"Seahorse Cottage Shoal","2022","1",0,0,16
"Seahorse Cottage Shoal","2022","2",0,0,19
"Seahorse Cottage Shoal","2022","3",0,0,15
"Seahorse Cottage Shoal","2022","4",0,0,101
"Seahorse Cottage Shoal","2022","5",0,0,83
"Seahorse Cottage Shoal","2022","6",0,0,101
"South Capella","2010","1",0,0,16
"South Capella","2010","2",0.0666666666666667,1,15
"South Capella","2010","3",0,0,12
"South Capella","2010","4",0,0,19
"South Capella","2010","5",0,0,13
"South Capella","2010","6",0,0,16
"South Capella","2011","1",0.0555555555555555,1,18
"South Capella","2011","2",0,0,14
"South Capella","2011","3",0,0,15
"South Capella","2011","4",0,0,16
"South Capella","2011","5",0,0,7
"South Capella","2011","6",0.0476190476190476,1,21
"South Capella","2012","1",0,0,14
"South Capella","2012","2",0,0,13
"South Capella","2012","3",0.0666666666666667,1,15
"South Capella","2012","4",0.0588235294117647,1,17
"South Capella","2012","5",0,0,20
"South Capella","2012","6",0,0,20
"South Capella","2013","1",0,0,14
"South Capella","2013","2",0,0,13
"South Capella","2013","3",0,0,15
"South Capella","2013","4",0,0,18
"South Capella","2013","5",0,0,15
"South Capella","2013","6",0,0,14
"South Capella","2014","1",0,0,12
"South Capella","2014","2",0,0,10
"South Capella","2014","3",0.125,1,8
"South Capella","2014","4",0,0,15
"South Capella","2014","5",0,0,13
"South Capella","2014","6",0,0,19
"South Capella","2015","1",0,0,17
"South Capella","2015","2",0,0,14
"South Capella","2015","3",0,0,11
"South Capella","2015","4",0,0,16
"South Capella","2015","5",0,0,13
"South Capella","2015","6",0,0,20
"South Capella","2016","1",0,0,15
"South Capella","2016","2",0,0,13
"South Capella","2016","3",0.0833333333333333,1,12
"South Capella","2016","4",0,0,12
"South Capella","2016","5",0,0,14
"South Capella","2016","6",0,0,15
"South Capella","2017","1",0,0,13
"South Capella","2017","2",0,0,13
"South Capella","2017","3",0,0,12
"South Capella","2017","4",0,0,15
"South Capella","2017","5",0,0,21
"South Capella","2017","6",0,0,19
"South Capella","2018","1",0,0,11
"South Capella","2018","2",0,0,13
"South Capella","2018","3",0,0,11
"South Capella","2018","4",0,0,16
"South Capella","2018","5",0,0,11
"South Capella","2018","6",0,0,16
"South Capella","2019","1",0,0,13
"South Capella","2019","2",0,0,13
"South Capella","2019","3",0,0,9
"South Capella","2019","4",0,0,12
"South Capella","2019","5",0,0,12
"South Capella","2019","6",0,0,14
"South Capella","2020","1",0.111111111111111,1,9
"South Capella","2020","2",0,0,11
"South Capella","2020","3",0,0,10
"South Capella","2020","4",0,0,11
"South Capella","2020","5",0,0,14
"South Capella","2020","6",0,0,12
"South Capella","2021","1",0,0,10
"South Capella","2021","2",0,0,8
"South Capella","2021","3",0,0,12
"South Capella","2021","4",0,0,12
"South Capella","2021","5",0,0,12
"South Capella","2021","6",0,0,10
"South Water","2011","1",0,0,15
"South Water","2011","2",0,0,15
"South Water","2011","3",0.166666666666667,2,12
"South Water","2011","4",0,0,13
"South Water","2011","5",0.0588235294117647,1,17
"South Water","2011","6",0.0833333333333333,1,12
"South Water","2012","2",0,0,15
"South Water","2012","4",0,0,23
"South Water","2013","1",0,0,7
"South Water","2013","2",0,0,14
"South Water","2013","3",0,0,5
"South Water","2013","4",0,0,9
"South Water","2013","5",0,0,9
"South Water","2013","6",0,0,7
"South Water","2014","1",0,0,6
"South Water","2014","2",0.153846153846154,2,13
"South Water","2014","3",0,0,7
"South Water","2014","4",0,0,7
"South Water","2014","5",0,0,11
"South Water","2014","6",0,0,5
"South Water","2015","1",0,0,12
"South Water","2015","2",0.0588235294117647,1,17
"South Water","2015","3",0,0,4
"South Water","2015","4",0,0,9
"South Water","2015","5",0,0,10
"South Water","2015","6",0,0,9
"South Water","2016","1",0,0,11
"South Water","2016","2",0,0,13
"South Water","2016","3",0,0,5
"South Water","2016","4",0,0,14
"South Water","2016","5",0,0,12
"South Water","2016","6",0,0,3
"South Water","2017","1",0,0,12
"South Water","2017","2",0,0,18
"South Water","2017","3",0.142857142857143,1,7
"South Water","2017","4",0,0,6
"South Water","2017","5",0,0,13
"South Water","2017","6",0,0,8
"South Water","2018","1",0,0,7
"South Water","2018","2",0,0,13
"South Water","2018","3",0,0,10
"South Water","2018","4",0,0,8
"South Water","2018","5",0,0,11
"South Water","2018","6",0,0,7
"South Water","2019","1",0,0,9
"South Water","2019","2",0,0,8
"South Water","2019","3",0,0,6
"South Water","2019","4",0,0,5
"South Water","2019","5",0,0,6
"South Water","2019","6",0,0,9
"South Water","2020","1",0,0,9
"South Water","2020","2",0,0,9
"South Water","2020","3",0,0,8
"South Water","2020","4",0,0,8
"South Water","2020","5",0.0909090909090909,1,11
"South Water","2020","6",0,0,8
"South Water","2021","1",0,0,7
"South Water","2021","2",0,0,8
"South Water","2021","3",0,0,2
"South Water","2021","4",0,0,6
"South Water","2021","5",0,0,7
"South Water","2021","6",0,0,14
"Sprat Hole","2010","1",0.0434782608695652,1,23
"Sprat Hole","2010","2",0.166666666666667,2,12
"Sprat Hole","2010","3",0,0,7
"Sprat Hole","2010","4",0.1,1,10
"Sprat Hole","2010","5",0.272727272727273,3,11
"Sprat Hole","2010","6",0.0625,1,16
"Sprat Hole","2011","1",0.0357142857142857,1,28
"Sprat Hole","2011","2",0.0526315789473684,1,19
"Sprat Hole","2011","3",0.153846153846154,2,13
"Sprat Hole","2011","4",0,0,12
"Sprat Hole","2011","5",0.105263157894737,2,19
"Sprat Hole","2011","6",0.375,6,16
"Sprat Hole","2012","1",0.125,3,24
"Sprat Hole","2012","2",0.176470588235294,3,17
"Sprat Hole","2012","3",0,0,17
"Sprat Hole","2012","4",0,0,14
"Sprat Hole","2012","5",0.0714285714285715,1,14
"Sprat Hole","2012","6",0,0,12
"Sprat Hole","2013","1",0.0526315789473684,1,19
"Sprat Hole","2013","2",0.0952380952380952,2,21
"Sprat Hole","2013","3",0.0714285714285715,1,14
"Sprat Hole","2013","4",0.0769230769230769,1,13
"Sprat Hole","2013","5",0.133333333333333,2,15
"Sprat Hole","2013","6",0.0588235294117647,1,17
"Sprat Hole","2014","1",0.0384615384615385,1,26
"Sprat Hole","2014","2",0.05,1,20
"Sprat Hole","2014","3",0.1,1,10
"Sprat Hole","2014","4",0.1,1,10
"Sprat Hole","2014","5",0.0625,1,16
"Sprat Hole","2014","6",0.0666666666666667,1,15
"Sprat Hole","2015","1",0,0,16
"Sprat Hole","2015","2",0.0625,1,16
"Sprat Hole","2015","3",0,0,9
"Sprat Hole","2015","4",0,0,9
"Sprat Hole","2015","5",0,0,15
"Sprat Hole","2015","6",0,0,19
"Sprat Hole","2016","1",0.04,1,25
"Sprat Hole","2016","2",0.142857142857143,3,21
"Sprat Hole","2016","3",0.25,3,12
"Sprat Hole","2016","4",0.0833333333333333,1,12
"Sprat Hole","2016","5",0.266666666666667,4,15
"Sprat Hole","2016","6",0,0,14
"Sprat Hole","2017","1",0,0,15
"Sprat Hole","2017","2",0.0476190476190476,1,21
"Sprat Hole","2017","3",0.0769230769230769,1,13
"Sprat Hole","2017","4",0.142857142857143,1,7
"Sprat Hole","2017","5",0.2,3,15
"Sprat Hole","2017","6",0,0,21
"Sprat Hole","2018","1",0.0476190476190476,1,21
"Sprat Hole","2018","2",0,0,14
"Sprat Hole","2018","3",0,0,10
"Sprat Hole","2018","4",0,0,9
"Sprat Hole","2018","5",0.0555555555555555,1,18
"Sprat Hole","2018","6",0.0526315789473684,1,19
"Sprat Hole","2019","1",0.0666666666666667,1,15
"Sprat Hole","2019","2",0,0,18
"Sprat Hole","2019","3",0.142857142857143,2,14
"Sprat Hole","2019","4",0,0,10
"Sprat Hole","2019","5",0,0,18
"Sprat Hole","2019","6",0,0,16
"Sprat Hole","2020","1",0.117647058823529,2,17
"Sprat Hole","2020","2",0,0,17
"Sprat Hole","2020","3",0,0,11
"Sprat Hole","2020","4",0.0714285714285714,1,14
"Sprat Hole","2020","5",0.0588235294117647,1,17
"Sprat Hole","2020","6",0.25,4,16
"Sprat Hole","2021","1",0,0,14
"Sprat Hole","2021","2",0,0,10
"Sprat Hole","2021","3",0,0,6
"Sprat Hole","2021","4",0,0,6
"Sprat Hole","2021","5",0,0,13
"Sprat Hole","2021","6",0,0,12
"Sprat Hole","2022","1",0.0714285714285714,1,14
"Sprat Hole","2022","2",0.0714285714285715,1,14
"Sprat Hole","2022","3",0.181818181818182,2,11
"Sprat Hole","2022","4",0,0,6
"Sprat Hole","2022","5",0.0714285714285715,1,14
"Sprat Hole","2022","6",0.0625,1,16
"St James","2010","1",0,0,18
"St James","2010","2",0,0,15
"St James","2010","3",0,0,12
"St James","2010","4",0,0,20
"St James","2010","5",0,0,21
"St James","2010","6",0,0,17
"St James","2011","3",0,0,18
"St James","2011","4",0,0,22
"St James","2011","5",0,0,13
"St James","2012","1",0.0476190476190476,1,21
"St James","2012","2",0,0,23
"St James","2012","3",0,0,18
"St James","2012","4",0.0588235294117647,1,17
"St James","2012","5",0,0,24
"St James","2012","6",0,0,12
"St James","2013","1",0,0,15
"St James","2013","2",0,0,24
"St James","2013","3",0,0,11
"St James","2013","4",0,0,18
"St James","2013","5",0,0,14
"St James","2013","6",0,0,19
"St James","2014","1",0,0,14
"St James","2014","2",0,0,7
"St James","2014","4",0.0588235294117647,1,17
"St James","2014","5",0,0,10
"St James","2014","6",0,0,12
"St James","2015","1",0.111111111111111,1,9
"St James","2015","2",0,0,12
"St James","2015","3",0,0,9
"St James","2015","4",0,0,12
"St James","2015","5",0,0,17
"St James","2015","6",0.0666666666666667,1,15
"St James","2016","1",0.0909090909090909,1,11
"St James","2016","2",0,0,18
"St James","2016","3",0,0,15
"St James","2016","4",0.0909090909090909,1,11
"St James","2016","5",0,0,16
"St James","2016","6",0.0588235294117647,1,17
"St James","2017","1",0.153846153846154,2,13
"St James","2017","2",0,0,17
"St James","2017","4",0,0,14
"St James","2017","5",0,0,16
"St James","2017","6",0.0588235294117647,1,17
"St James","2018","1",0,0,13
"St James","2018","2",0,0,12
"St James","2018","3",0,0,13
"St James","2018","4",0,0,12
"St James","2018","5",0,0,13
"St James","2018","6",0.0909090909090909,1,11
"St James","2019","1",0,0,17
"St James","2019","2",0,0,16
"St James","2019","3",0,0,8
"St James","2019","4",0,0,10
"St James","2019","5",0,0,14
"St James","2019","6",0.0833333333333333,1,12
"St James","2020","1",0,0,13
"St James","2020","2",0,0,20
"St James","2020","3",0,0,14
"St James","2020","4",0,0,12
"St James","2020","5",0,0,16
"St James","2020","6",0.1,1,10
"St James","2021","1",0,0,10
"St James","2021","2",0,0,9
"St James","2021","3",0,0,11
"St James","2021","4",0,0,9
"St James","2021","5",0,0,14
"St James","2021","6",0,0,11
"St James","2022","1",0,0,5
"St James","2022","2",0,0,11
"St James","2022","3",0,0,5
"St James","2022","4",0,0,12
"St James","2022","5",0,0,15
"St James","2022","6",0,0,12
